Comp,Event,Date,Time,Inst,Ptimepick,Stimepick
manual,102,17/11/2023,16:46:29,1,12.39,14.08
manual,102,17/11/2023,16:46:29,2,12.32,13.95
manual,102,17/11/2023,16:46:29,3,,
manual,102,17/11/2023,16:46:29,4,,
manual,102,17/11/2023,16:46:29,5,13.68,16.43
manual,102,17/11/2023,16:46:29,6,13.61,16.23
manual,102,17/11/2023,16:46:29,7,,
manual,102,17/11/2023,16:46:29,8,,
manual,102,17/11/2023,16:46:29,9,12.08,13.42
manual,102,17/11/2023,16:46:29,10,12.01,13.4
manual,73,01/10/2023,14:05:33,1,12.2,13.88
manual,73,01/10/2023,14:05:33,2,12.15,13.69
manual,73,01/10/2023,14:05:33,3,,
manual,73,01/10/2023,14:05:33,4,15.82,19.76
manual,73,01/10/2023,14:05:33,5,15.39,19.51
manual,73,01/10/2023,14:05:33,6,15.34,19.35
manual,73,01/10/2023,14:05:33,7,13.86,16.68
manual,73,01/10/2023,14:05:33,8,13.79,16.56
manual,73,01/10/2023,14:05:33,9,12.95,15.12
manual,73,01/10/2023,14:05:33,10,12.89,15.0
manual,62,01/10/2023,14:53:15,1,14.74,18.2
manual,62,01/10/2023,14:53:15,2,14.76,18.14
manual,62,01/10/2023,14:53:15,3,,
manual,62,01/10/2023,14:53:15,4,,
manual,62,01/10/2023,14:53:15,5,11.75,13.07
manual,62,01/10/2023,14:53:15,6,11.64,12.87
manual,62,01/10/2023,14:53:15,7,13.0,15.24
manual,62,01/10/2023,14:53:15,8,12.92,15.08
manual,62,01/10/2023,14:53:15,9,13.72,16.31
manual,62,01/10/2023,14:53:15,10,13.61,16.25
manual,86,04/10/2023,21:33:36,1,14.73,18.18
manual,86,04/10/2023,21:33:36,2,14.71,18.11
manual,86,04/10/2023,21:33:36,3,21.24,
manual,86,04/10/2023,21:33:36,4,21.11,
manual,86,04/10/2023,21:33:36,5,12.13,13.71
manual,86,04/10/2023,21:33:36,6,12.02,13.5
manual,86,04/10/2023,21:33:36,7,12.91,15.05
manual,86,04/10/2023,21:33:36,8,12.83,14.93
manual,86,04/10/2023,21:33:36,9,13.65,16.29
manual,86,04/10/2023,21:33:36,10,13.61,16.23
manual,15,05/10/2023,01:47:04,1,18.12,24.16
manual,15,05/10/2023,01:47:04,2,18.11,24.06
manual,15,05/10/2023,01:47:04,3,,
manual,15,05/10/2023,01:47:04,4,,
manual,15,05/10/2023,01:47:04,5,14.45,17.81
manual,15,05/10/2023,01:47:04,6,14.36,17.63
manual,15,05/10/2023,01:47:04,7,16.37,21.13
manual,15,05/10/2023,01:47:04,8,16.32,21.02
manual,15,05/10/2023,01:47:04,9,22.24,
manual,15,05/10/2023,01:47:04,10,22.12,
manual,67,05/10/2023,08:32:00,1,13.05,15.25
manual,67,05/10/2023,08:32:00,2,13.02,15.16
manual,67,05/10/2023,08:32:00,3,15.17,18.86
manual,67,05/10/2023,08:32:00,4,15.11,18.82
manual,67,05/10/2023,08:32:00,5,12.1,13.67
manual,67,05/10/2023,08:32:00,6,12.01,13.48
manual,67,05/10/2023,08:32:00,7,11.77,12.97
manual,67,05/10/2023,08:32:00,8,11.71,12.87
manual,67,05/10/2023,08:32:00,9,12.06,13.49
manual,67,05/10/2023,08:32:00,10,11.99,13.4
manual,17,05/10/2023,11:14:04,1,12.57,14.37
manual,17,05/10/2023,11:14:04,2,12.5,14.25
manual,17,05/10/2023,11:14:04,3,19.99,
manual,17,05/10/2023,11:14:04,4,19.89,
manual,17,05/10/2023,11:14:04,5,13.87,16.71
manual,17,05/10/2023,11:14:04,6,13.78,16.53
manual,17,05/10/2023,11:14:04,7,12.59,14.39
manual,17,05/10/2023,11:14:04,8,12.51,14.21
manual,17,05/10/2023,11:14:04,9,13.87,13.87
manual,17,05/10/2023,11:14:04,10,13.73,
manual,9,05/10/2023,14:47:43,1,14.79,18.23
manual,9,05/10/2023,14:47:43,2,14.76,18.13
manual,9,05/10/2023,14:47:43,3,,
manual,9,05/10/2023,14:47:43,4,,
manual,9,05/10/2023,14:47:43,5,11.76,13.07
manual,9,05/10/2023,14:47:43,6,11.65,12.88
manual,9,05/10/2023,14:47:43,7,13.03,15.25
manual,9,05/10/2023,14:47:43,8,12.94,15.09
manual,9,05/10/2023,14:47:43,9,,16.28
manual,9,05/10/2023,14:47:43,10,13.63,16.24
manual,81,05/10/2023,19:31:49,1,13.27,15.63
manual,81,05/10/2023,19:31:49,2,13.28,15.58
manual,81,05/10/2023,19:31:49,3,,
manual,81,05/10/2023,19:31:49,4,,
manual,81,05/10/2023,19:31:49,5,11.79,13.1
manual,81,05/10/2023,19:31:49,6,11.69,12.92
manual,81,05/10/2023,19:31:49,7,11.82,13.03
manual,81,05/10/2023,19:31:49,8,11.7,12.88
manual,81,05/10/2023,19:31:49,9,12.21,13.81
manual,81,05/10/2023,19:31:49,10,12.15,13.72
manual,83,08/10/2023,21:14:22,1,,17.4
manual,83,08/10/2023,21:14:22,2,14.25,17.31
manual,83,08/10/2023,21:14:22,3,,
manual,83,08/10/2023,21:14:22,4,,
manual,83,08/10/2023,21:14:22,5,12.34,14.02
manual,83,08/10/2023,21:14:22,6,12.22,13.81
manual,83,08/10/2023,21:14:22,7,12.83,14.87
manual,83,08/10/2023,21:14:22,8,12.76,14.73
manual,83,08/10/2023,21:14:22,9,,15.67
manual,83,08/10/2023,21:14:22,10,13.09,15.57
manual,38,10/10/2023,15:29:58,1,13.08,15.3
manual,38,10/10/2023,15:29:58,2,13.05,15.21
manual,38,10/10/2023,15:29:58,3,15.2,18.96
manual,38,10/10/2023,15:29:58,4,15.16,18.95
manual,38,10/10/2023,15:29:58,5,12.08,13.6
manual,38,10/10/2023,15:29:58,6,11.99,13.43
manual,38,10/10/2023,15:29:58,7,11.74,12.95
manual,38,10/10/2023,15:29:58,8,11.67,12.81
manual,38,10/10/2023,15:29:58,9,12.06,13.51
manual,38,10/10/2023,15:29:58,10,12.0,13.43
manual,49,13/10/2023,18:47:12,1,14.33,17.42
manual,49,13/10/2023,18:47:12,2,14.27,17.37
manual,49,13/10/2023,18:47:12,3,,
manual,49,13/10/2023,18:47:12,4,,
manual,49,13/10/2023,18:47:12,5,11.9,13.27
manual,49,13/10/2023,18:47:12,6,11.79,13.08
manual,49,13/10/2023,18:47:12,7,12.8,14.82
manual,49,13/10/2023,18:47:12,8,12.73,14.68
manual,49,13/10/2023,18:47:12,9,13.0,15.59
manual,49,13/10/2023,18:47:12,10,12.92,15.53
manual,3,17/10/2023,03:14:43,1,18.82,25.48
manual,3,17/10/2023,03:14:43,2,18.8,25.38
manual,3,17/10/2023,03:14:43,3,17.71,23.24
manual,3,17/10/2023,03:14:43,4,17.58,23.15
manual,3,17/10/2023,03:14:43,5,15.0,18.96
manual,3,17/10/2023,03:14:43,6,14.93,18.81
manual,3,17/10/2023,03:14:43,7,16.93,22.28
manual,3,17/10/2023,03:14:43,8,16.87,22.16
manual,3,17/10/2023,03:14:43,9,17.65,23.46
manual,3,17/10/2023,03:14:43,10,17.61,23.42
manual,79,17/10/2023,15:48:12,1,14.51,17.79
manual,79,17/10/2023,15:48:12,2,14.48,17.76
manual,79,17/10/2023,15:48:12,3,,
manual,79,17/10/2023,15:48:12,4,,
manual,79,17/10/2023,15:48:12,5,12.51,14.28
manual,79,17/10/2023,15:48:12,6,12.36,14.07
manual,79,17/10/2023,15:48:12,7,12.61,14.57
manual,79,17/10/2023,15:48:12,8,12.56,14.42
manual,79,17/10/2023,15:48:12,9,13.43,15.96
manual,79,17/10/2023,15:48:12,10,13.4,15.88
manual,21,19/10/2023,00:38:32,1,12.67,14.58
manual,21,19/10/2023,00:38:32,2,12.6,14.45
manual,21,19/10/2023,00:38:32,3,15.86,19.86
manual,21,19/10/2023,00:38:32,4,15.75,19.79
manual,21,19/10/2023,00:38:32,5,13.95,16.83
manual,21,19/10/2023,00:38:32,6,13.85,16.67
manual,21,19/10/2023,00:38:32,7,12.72,14.61
manual,21,19/10/2023,00:38:32,9,12.41,14.11
manual,21,19/10/2023,00:38:32,10,12.32,13.96
manual,1,20/10/2023,13:04:36,1,12.69,14.44
manual,1,20/10/2023,13:04:36,2,12.52,14.28
manual,1,20/10/2023,13:04:36,3,16.23,20.45
manual,1,20/10/2023,13:04:36,4,16.16,20.35
manual,1,20/10/2023,13:04:36,5,14.08,17.07
manual,1,20/10/2023,13:04:36,6,14.0,16.9
manual,1,20/10/2023,13:04:36,7,12.72,14.62
manual,1,20/10/2023,13:04:36,8,12.65,14.47
manual,1,20/10/2023,13:04:36,9,12.39,14.09
manual,1,20/10/2023,13:04:36,10,12.31,13.93
manual,18,20/10/2023,19:54:50,1,14.18,17.28
manual,18,20/10/2023,19:54:50,2,14.19,17.14
manual,18,20/10/2023,19:54:50,3,,
manual,18,20/10/2023,19:54:50,4,,
manual,18,20/10/2023,19:54:50,5,11.3,12.12
manual,18,20/10/2023,19:54:50,6,11.11,11.94
manual,18,20/10/2023,19:54:50,7,12.28,13.94
manual,18,20/10/2023,19:54:50,8,12.22,13.82
manual,18,20/10/2023,19:54:50,9,,
manual,18,20/10/2023,19:54:50,10,,
manual,69,21/10/2023,07:13:45,1,14.05,17.18
manual,69,21/10/2023,07:13:45,2,14.11,17.1
manual,69,21/10/2023,07:13:45,3,,
manual,69,21/10/2023,07:13:45,4,,
manual,69,21/10/2023,07:13:45,5,11.66,12.85
manual,69,21/10/2023,07:13:45,6,11.54,12.64
manual,69,21/10/2023,07:13:45,7,12.52,14.22
manual,69,21/10/2023,07:13:45,8,12.03,14.07
manual,69,21/10/2023,07:13:45,9,,15.28
manual,69,21/10/2023,07:13:45,10,13.0,15.15
manual,56,22/10/2023,04:44:05,1,18.51,24.58
manual,56,22/10/2023,04:44:05,2,18.52,24.52
manual,56,22/10/2023,04:44:05,3,15.25,19.02
manual,56,22/10/2023,04:44:05,4,15.17,18.94
manual,56,22/10/2023,04:44:05,5,15.35,19.29
manual,56,22/10/2023,04:44:05,6,15.27,19.11
manual,56,22/10/2023,04:44:05,7,17.07,22.31
manual,56,22/10/2023,04:44:05,8,17.08,22.23
manual,56,22/10/2023,04:44:05,9,,22.95
manual,56,22/10/2023,04:44:05,10,17.57,22.88
manual,30,22/10/2023,10:24:05,1,15.26,19.1
manual,30,22/10/2023,10:24:05,2,15.24,19.01
manual,30,22/10/2023,10:24:05,3,21.4,
manual,30,22/10/2023,10:24:05,4,21.29,
manual,30,22/10/2023,10:24:05,5,11.9,13.27
manual,30,22/10/2023,10:24:05,6,11.77,13.07
manual,30,22/10/2023,10:24:05,7,13.26,15.6
manual,30,22/10/2023,10:24:05,8,13.19,15.51
manual,30,22/10/2023,10:24:05,9,13.99,17.03
manual,30,22/10/2023,10:24:05,10,14.03,16.97
manual,82,24/10/2023,01:46:11,1,12.53,14.4
manual,82,24/10/2023,01:46:11,2,12.49,14.3
manual,82,24/10/2023,01:46:11,3,19.2,
manual,82,24/10/2023,01:46:11,4,19.1,
manual,82,24/10/2023,01:46:11,5,13.6,16.21
manual,82,24/10/2023,01:46:11,6,13.42,15.81
manual,82,24/10/2023,01:46:11,7,12.52,14.24
manual,82,24/10/2023,01:46:11,8,12.43,14.11
manual,82,24/10/2023,01:46:11,9,,
manual,82,24/10/2023,01:46:11,10,,
manual,27,24/10/2023,16:56:22,1,14.2,17.28
manual,27,24/10/2023,16:56:22,2,14.17,17.18
manual,27,24/10/2023,16:56:22,3,15.04,18.66
manual,27,24/10/2023,16:56:22,4,14.96,18.55
manual,27,24/10/2023,16:56:22,5,12.21,13.85
manual,27,24/10/2023,16:56:22,6,12.1,13.66
manual,27,24/10/2023,16:56:22,7,12.83,14.88
manual,27,24/10/2023,16:56:22,8,12.75,14.77
manual,27,24/10/2023,16:56:22,9,13.25,15.57
manual,27,24/10/2023,16:56:22,10,13.18,15.49
manual,55,24/10/2023,17:30:25,1,14.63,18.08
manual,55,24/10/2023,17:30:25,2,14.63,17.95
manual,55,24/10/2023,17:30:25,3,,
manual,55,24/10/2023,17:30:25,4,,
manual,55,24/10/2023,17:30:25,5,12.37,14.07
manual,55,24/10/2023,17:30:25,6,12.27,13.84
manual,55,24/10/2023,17:30:25,7,12.76,14.86
manual,55,24/10/2023,17:30:25,8,12.69,14.72
manual,55,24/10/2023,17:30:25,9,,
manual,55,24/10/2023,17:30:25,10,,
manual,8,28/10/2023,15:03:15,1,14.6,18.01
manual,8,28/10/2023,15:03:15,2,14.59,17.93
manual,8,28/10/2023,15:03:15,3,21.12,
manual,8,28/10/2023,15:03:15,4,21.0,
manual,8,28/10/2023,15:03:15,5,12.03,13.53
manual,8,28/10/2023,15:03:15,6,11.92,13.32
manual,8,28/10/2023,15:03:15,7,12.78,14.82
manual,8,28/10/2023,15:03:15,8,12.72,14.61
manual,8,28/10/2023,15:03:15,9,13.52,16.08
manual,8,28/10/2023,15:03:15,10,13.47,16.0
manual,47,29/10/2023,23:39:16,1,14.4,17.62
manual,47,29/10/2023,23:39:16,2,14.37,17.54
manual,47,29/10/2023,23:39:16,3,16.7,21.58
manual,47,29/10/2023,23:39:16,4,16.67,21.43
manual,47,29/10/2023,23:39:16,5,11.61,12.77
manual,47,29/10/2023,23:39:16,6,11.53,12.65
manual,47,29/10/2023,23:39:16,7,12.29,13.97
manual,47,29/10/2023,23:39:16,8,12.23,13.87
manual,47,29/10/2023,23:39:16,9,13.21,15.55
manual,47,29/10/2023,23:39:16,10,13.15,15.46
manual,13,01/11/2023,21:47:23,1,,
manual,13,01/11/2023,21:47:23,2,14.34,17.46
manual,13,01/11/2023,21:47:23,3,,
manual,13,01/11/2023,21:47:23,4,,
manual,13,01/11/2023,21:47:23,5,11.85,13.22
manual,13,01/11/2023,21:47:23,6,11.74,13.02
manual,13,01/11/2023,21:47:23,7,12.81,14.84
manual,13,01/11/2023,21:47:23,8,12.75,14.7
manual,13,01/11/2023,21:47:23,9,,
manual,13,01/11/2023,21:47:23,10,,
manual,41,02/11/2023,02:29:36,1,15.35,19.26
manual,41,02/11/2023,02:29:36,2,15.35,19.21
manual,41,02/11/2023,02:29:36,3,,
manual,41,02/11/2023,02:29:36,4,,
manual,41,02/11/2023,02:29:36,5,11.68,12.94
manual,41,02/11/2023,02:29:36,6,11.6,12.77
manual,41,02/11/2023,02:29:36,7,13.5,16.07
manual,41,02/11/2023,02:29:36,8,13.43,15.95
manual,41,02/11/2023,02:29:36,9,14.2,17.24
manual,41,02/11/2023,02:29:36,10,14.16,17.17
manual,78,02/11/2023,08:24:08,1,12.51,14.37
manual,78,02/11/2023,08:24:08,2,12.47,14.25
manual,78,02/11/2023,08:24:08,3,,
manual,78,02/11/2023,08:24:08,4,,
manual,78,02/11/2023,08:24:08,5,13.55,16.21
manual,78,02/11/2023,08:24:08,6,13.49,16.01
manual,78,02/11/2023,08:24:08,7,12.55,14.29
manual,78,02/11/2023,08:24:08,8,,14.17
manual,78,02/11/2023,08:24:08,9,12.17,13.73
manual,78,02/11/2023,08:24:08,10,12.1,13.59
manual,96,02/11/2023,18:42:22,1,12.56,14.39
manual,96,02/11/2023,18:42:22,2,12.48,14.24
manual,96,02/11/2023,18:42:22,3,15.98,20.2
manual,96,02/11/2023,18:42:22,4,15.92,20.13
manual,96,02/11/2023,18:42:22,5,13.89,16.81
manual,96,02/11/2023,18:42:22,6,13.81,16.37
manual,96,02/11/2023,18:42:22,7,12.58,14.4
manual,96,02/11/2023,18:42:22,8,12.49,14.25
manual,96,02/11/2023,18:42:22,9,12.29,13.91
manual,96,02/11/2023,18:42:22,10,12.2,13.76
manual,110,04/11/2023,07:52:46,1,12.49,14.14
manual,110,04/11/2023,07:52:46,2,12.43,14.03
manual,110,04/11/2023,07:52:46,3,,
manual,110,04/11/2023,07:52:46,4,,
manual,110,04/11/2023,07:52:46,5,13.85,16.59
manual,110,04/11/2023,07:52:46,6,13.58,16.4
manual,110,04/11/2023,07:52:46,7,12.58,14.21
manual,110,04/11/2023,07:52:46,8,12.49,14.08
manual,110,04/11/2023,07:52:46,9,12.19,13.6
manual,110,04/11/2023,07:52:46,10,12.07,13.42
manual,111,05/11/2023,14:15:04,1,12.37,14.13
manual,111,05/11/2023,14:15:04,2,12.31,14.01
manual,111,05/11/2023,14:15:04,3,,
manual,111,05/11/2023,14:15:04,4,,
manual,111,05/11/2023,14:15:04,5,13.65,16.38
manual,111,05/11/2023,14:15:04,6,13.56,16.2
manual,111,05/11/2023,14:15:04,7,12.39,14.1
manual,111,05/11/2023,14:15:04,8,12.31,13.94
manual,111,05/11/2023,14:15:04,9,13.56,14.9
manual,111,05/11/2023,14:15:04,10,13.42,14.82
manual,77,06/11/2023,00:56:46,1,14.35,17.53
manual,77,06/11/2023,00:56:46,2,14.31,17.41
manual,77,06/11/2023,00:56:46,3,15.92,20.3
manual,77,06/11/2023,00:56:46,4,15.85,20.15
manual,77,06/11/2023,00:56:46,5,11.83,13.17
manual,77,06/11/2023,00:56:46,6,11.72,12.99
manual,77,06/11/2023,00:56:46,7,12.58,14.47
manual,77,06/11/2023,00:56:46,8,12.5,14.33
manual,77,06/11/2023,00:56:46,9,13.24,15.6
manual,77,06/11/2023,00:56:46,10,13.19,15.53
manual,43,07/11/2023,09:53:47,1,12.19,13.72
manual,43,07/11/2023,09:53:47,2,12.12,13.59
manual,43,07/11/2023,09:53:47,3,15.75,19.74
manual,43,07/11/2023,09:53:47,4,15.72,19.68
manual,43,07/11/2023,09:53:47,5,13.88,16.74
manual,43,07/11/2023,09:53:47,6,13.79,16.55
manual,43,07/11/2023,09:53:47,7,12.47,14.18
manual,43,07/11/2023,09:53:47,8,12.39,14.05
manual,43,07/11/2023,09:53:47,9,11.99,13.39
manual,43,07/11/2023,09:53:47,10,11.91,13.25
manual,65,08/11/2023,14:25:09,1,14.25,17.35
manual,65,08/11/2023,14:25:09,2,14.21,17.24
manual,65,08/11/2023,14:25:09,3,,
manual,65,08/11/2023,14:25:09,4,,
manual,65,08/11/2023,14:25:09,5,11.93,13.32
manual,65,08/11/2023,14:25:09,6,11.81,13.15
manual,65,08/11/2023,14:25:09,7,12.57,14.42
manual,65,08/11/2023,14:25:09,8,12.48,14.27
manual,65,08/11/2023,14:25:09,9,13.17,15.47
manual,65,08/11/2023,14:25:09,10,13.07,15.36
manual,36,14/11/2023,13:10:10,1,16.23,20.85
manual,36,14/11/2023,13:10:10,2,16.18,20.83
manual,36,14/11/2023,13:10:10,3,,
manual,36,14/11/2023,13:10:10,4,,
manual,36,14/11/2023,13:10:10,5,15.61,19.98
manual,36,14/11/2023,13:10:10,6,15.54,19.77
manual,36,14/11/2023,13:10:10,7,14.88,18.64
manual,36,14/11/2023,13:10:10,8,14.81,18.53
manual,36,14/11/2023,13:10:10,9,15.53,19.74
manual,36,14/11/2023,13:10:10,10,15.62,19.75
manual,76,14/11/2023,22:51:39,1,14.24,17.33
manual,76,14/11/2023,22:51:39,2,14.19,17.22
manual,76,14/11/2023,22:51:39,3,,
manual,76,14/11/2023,22:51:39,4,,
manual,76,14/11/2023,22:51:39,5,11.8,13.1
manual,76,14/11/2023,22:51:39,6,11.68,12.93
manual,76,14/11/2023,22:51:39,7,12.49,14.31
manual,76,14/11/2023,22:51:39,8,12.4,14.16
manual,76,14/11/2023,22:51:39,9,13.15,15.42
manual,76,14/11/2023,22:51:39,10,13.08,15.33
manual,109,15/11/2023,01:51:26,1,14.25,17.35
manual,109,15/11/2023,01:51:26,2,14.2,17.23
manual,109,15/11/2023,01:51:26,3,,
manual,109,15/11/2023,01:51:26,4,,
manual,109,15/11/2023,01:51:26,5,11.81,13.14
manual,109,15/11/2023,01:51:26,6,11.69,12.94
manual,109,15/11/2023,01:51:26,7,12.48,14.32
manual,109,15/11/2023,01:51:26,8,12.43,14.17
manual,109,15/11/2023,01:51:26,9,,15.42
manual,109,15/11/2023,01:51:26,10,13.1,15.37
manual,100,15/11/2023,09:29:25,1,12.18,13.73
manual,100,15/11/2023,09:29:25,2,12.12,13.61
manual,100,15/11/2023,09:29:25,3,,
manual,100,15/11/2023,09:29:25,4,,
manual,100,15/11/2023,09:29:25,5,13.69,16.38
manual,100,15/11/2023,09:29:25,6,13.59,16.21
manual,100,15/11/2023,09:29:25,7,12.32,13.89
manual,100,15/11/2023,09:29:25,8,12.2,13.74
manual,100,15/11/2023,09:29:25,9,11.88,13.18
manual,100,15/11/2023,09:29:25,10,11.78,13.02
manual,105,17/11/2023,12:19:09,1,15.34,19.26
manual,105,17/11/2023,12:19:09,2,15.31,19.15
manual,105,17/11/2023,12:19:09,3,15.68,19.93
manual,105,17/11/2023,12:19:09,4,15.64,19.81
manual,105,17/11/2023,12:19:09,5,11.61,12.78
manual,105,17/11/2023,12:19:09,6,11.52,12.61
manual,105,17/11/2023,12:19:09,7,13.43,16.03
manual,105,17/11/2023,12:19:09,8,13.36,15.83
manual,105,17/11/2023,12:19:09,9,14.15,17.13
manual,105,17/11/2023,12:19:09,10,14.11,17.07
manual,99,18/11/2023,03:32:08,1,14.23,17.32
manual,99,18/11/2023,03:32:08,2,14.2,17.21
manual,99,18/11/2023,03:32:08,3,,
manual,99,18/11/2023,03:32:08,4,,
manual,99,18/11/2023,03:32:08,5,11.8,13.12
manual,99,18/11/2023,03:32:08,6,11.69,12.92
manual,99,18/11/2023,03:32:08,7,12.48,14.3
manual,99,18/11/2023,03:32:08,8,12.4,14.16
manual,99,18/11/2023,03:32:08,9,13.14,15.4
manual,99,18/11/2023,03:32:08,10,13.08,15.33
manual,33,18/11/2023,23:07:04,1,17.07,22.12
manual,33,18/11/2023,23:07:04,2,16.98,22.03
manual,33,18/11/2023,23:07:04,3,18.94,26.08
manual,33,18/11/2023,23:07:04,4,18.74,25.78
manual,33,18/11/2023,23:07:04,5,14.41,17.68
manual,33,18/11/2023,23:07:04,6,14.3,17.5
manual,33,18/11/2023,23:07:04,7,15.12,18.84
manual,33,18/11/2023,23:07:04,8,15.04,18.66
manual,33,18/11/2023,23:07:04,9,,20.31
manual,33,18/11/2023,23:07:04,10,,20.24
manual,66,19/11/2023,03:01:38,1,15.91,20.41
manual,66,19/11/2023,03:01:38,2,15.88,20.31
manual,66,19/11/2023,03:01:38,3,27.28,
manual,66,19/11/2023,03:01:38,4,27.18,
manual,66,19/11/2023,03:01:38,5,15.18,19.2
manual,66,19/11/2023,03:01:38,6,15.12,19.05
manual,66,19/11/2023,03:01:38,7,14.64,18.09
manual,66,19/11/2023,03:01:38,8,14.59,17.96
manual,66,19/11/2023,03:01:38,9,15.16,19.2
manual,66,19/11/2023,03:01:38,10,15.08,19.08
manual,14,20/11/2023,17:43:26,1,14.16,17.17
manual,14,20/11/2023,17:43:26,2,14.12,17.09
manual,14,20/11/2023,17:43:26,3,,
manual,14,20/11/2023,17:43:26,4,,
manual,14,20/11/2023,17:43:26,5,11.74,12.97
manual,14,20/11/2023,17:43:26,6,11.62,12.8
manual,14,20/11/2023,17:43:26,7,12.5,14.34
manual,14,20/11/2023,17:43:26,8,12.43,14.2
manual,14,20/11/2023,17:43:26,9,13.08,15.3
manual,14,20/11/2023,17:43:26,10,12.96,15.24
manual,5,21/11/2023,11:44:44,1,13.75,16.46
manual,5,21/11/2023,11:44:44,2,13.69,16.36
manual,5,21/11/2023,11:44:44,3,,
manual,5,21/11/2023,11:44:44,4,,
manual,5,21/11/2023,11:44:44,5,11.89,13.28
manual,5,21/11/2023,11:44:44,6,11.82,13.1
manual,5,21/11/2023,11:44:44,7,11.86,13.23
manual,5,21/11/2023,11:44:44,8,11.78,13.08
manual,5,21/11/2023,11:44:44,9,12.63,14.52
manual,5,21/11/2023,11:44:44,10,12.55,14.45
manual,37,21/11/2023,12:51:09,1,12.38,14.09
manual,37,21/11/2023,12:51:09,2,12.33,13.95
manual,37,21/11/2023,12:51:09,3,,
manual,37,21/11/2023,12:51:09,4,,
manual,37,21/11/2023,12:51:09,5,13.89,16.78
manual,37,21/11/2023,12:51:09,6,13.78,16.61
manual,37,21/11/2023,12:51:09,7,12.55,14.34
manual,37,21/11/2023,12:51:09,8,12.49,14.2
manual,37,21/11/2023,12:51:09,9,12.17,13.68
manual,37,21/11/2023,12:51:09,10,12.08,13.55
manual,74,23/11/2023,16:07:46,1,12.4,14.08
manual,74,23/11/2023,16:07:46,2,12.34,13.96
manual,74,23/11/2023,16:07:46,3,,
manual,74,23/11/2023,16:07:46,4,,
manual,74,23/11/2023,16:07:46,5,13.79,16.59
manual,74,23/11/2023,16:07:46,6,13.69,16.39
manual,74,23/11/2023,16:07:46,7,12.47,14.19
manual,74,23/11/2023,16:07:46,8,12.34,14.04
manual,74,23/11/2023,16:07:46,9,12.11,13.56
manual,74,23/11/2023,16:07:46,10,12.0,13.41
manual,90,24/11/2023,01:25:18,1,12.39,14.08
manual,90,24/11/2023,01:25:18,2,12.32,13.94
manual,90,24/11/2023,01:25:18,3,19.4,
manual,90,24/11/2023,01:25:18,4,19.31,
manual,90,24/11/2023,01:25:18,5,13.64,16.33
manual,90,24/11/2023,01:25:18,6,13.58,16.19
manual,90,24/11/2023,01:25:18,7,12.42,14.12
manual,90,24/11/2023,01:25:18,8,12.36,13.97
manual,90,24/11/2023,01:25:18,9,12.05,13.49
manual,90,24/11/2023,01:25:18,10,11.96,13.35
manual,53,24/11/2023,12:28:19,1,14.4,17.58
manual,53,24/11/2023,12:28:19,2,14.38,17.5
manual,53,24/11/2023,12:28:19,3,,
manual,53,24/11/2023,12:28:19,4,,
manual,53,24/11/2023,12:28:19,5,12.03,13.54
manual,53,24/11/2023,12:28:19,6,11.93,13.35
manual,53,24/11/2023,12:28:19,7,12.97,15.14
manual,53,24/11/2023,12:28:19,8,12.9,14.99
manual,53,24/11/2023,12:28:19,9,13.34,15.78
manual,53,24/11/2023,12:28:19,10,13.26,15.75
manual,29,24/11/2023,22:05:08,1,14.43,17.65
manual,29,24/11/2023,22:05:08,2,14.41,17.55
manual,29,24/11/2023,22:05:08,3,,
manual,29,24/11/2023,22:05:08,4,,
manual,29,24/11/2023,22:05:08,5,11.68,13.03
manual,29,24/11/2023,22:05:08,6,11.61,12.78
manual,29,24/11/2023,22:05:08,7,12.33,14.03
manual,29,24/11/2023,22:05:08,8,12.27,13.91
manual,29,24/11/2023,22:05:08,9,13.19,15.57
manual,29,24/11/2023,22:05:08,10,13.19,15.49
manual,98,24/11/2023,22:06:02,1,14.42,17.64
manual,98,24/11/2023,22:06:02,2,14.41,17.54
manual,98,24/11/2023,22:06:02,3,,
manual,98,24/11/2023,22:06:02,4,,
manual,98,24/11/2023,22:06:02,5,11.67,13.01
manual,98,24/11/2023,22:06:02,6,11.6,12.77
manual,98,24/11/2023,22:06:02,7,12.33,14.01
manual,98,24/11/2023,22:06:02,8,12.26,13.9
manual,98,24/11/2023,22:06:02,9,13.22,15.55
manual,98,24/11/2023,22:06:02,10,13.17,15.49
manual,91,25/11/2023,16:11:18,1,14.35,17.53
manual,91,25/11/2023,16:11:18,2,14.27,17.42
manual,91,25/11/2023,16:11:18,3,,
manual,91,25/11/2023,16:11:18,4,,
manual,91,25/11/2023,16:11:18,5,11.76,13.06
manual,91,25/11/2023,16:11:18,6,11.66,12.86
manual,91,25/11/2023,16:11:18,7,12.71,14.67
manual,91,25/11/2023,16:11:18,8,12.63,14.53
manual,91,25/11/2023,16:11:18,9,13.24,15.63
manual,91,25/11/2023,16:11:18,10,13.17,15.5
manual,46,26/11/2023,09:54:20,1,16.63,21.27
manual,46,26/11/2023,09:54:20,2,16.56,21.22
manual,46,26/11/2023,09:54:20,3,22.38,
manual,46,26/11/2023,09:54:20,4,22.33,
manual,46,26/11/2023,09:54:20,5,13.26,15.7
manual,46,26/11/2023,09:54:20,6,13.14,15.46
manual,46,26/11/2023,09:54:20,7,14.65,18.03
manual,46,26/11/2023,09:54:20,8,14.56,17.95
manual,46,26/11/2023,09:54:20,9,15.42,19.35
manual,46,26/11/2023,09:54:20,10,15.36,19.27
manual,64,26/11/2023,20:05:00,1,14.2,17.31
manual,64,26/11/2023,20:05:00,2,14.15,17.18
manual,64,26/11/2023,20:05:00,3,,
manual,64,26/11/2023,20:05:00,4,,
manual,64,26/11/2023,20:05:00,5,11.84,13.2
manual,64,26/11/2023,20:05:00,6,11.74,13.02
manual,64,26/11/2023,20:05:00,7,12.46,14.24
manual,64,26/11/2023,20:05:00,8,12.38,14.1
manual,64,26/11/2023,20:05:00,9,13.12,15.36
manual,64,26/11/2023,20:05:00,10,13.08,15.31
manual,45,29/11/2023,17:23:50,1,13.23,15.59
manual,45,29/11/2023,17:23:50,2,13.19,15.48
manual,45,29/11/2023,17:23:50,3,,
manual,45,29/11/2023,17:23:50,4,,
manual,45,29/11/2023,17:23:50,5,11.84,13.22
manual,45,29/11/2023,17:23:50,6,11.76,13.04
manual,45,29/11/2023,17:23:50,7,11.66,12.84
manual,45,29/11/2023,17:23:50,8,11.59,12.68
manual,45,29/11/2023,17:23:50,9,12.15,13.67
manual,45,29/11/2023,17:23:50,10,12.09,13.6
manual,103,29/11/2023,17:30:01,1,13.24,15.59
manual,103,29/11/2023,17:30:01,2,13.19,15.48
manual,103,29/11/2023,17:30:01,3,,
manual,103,29/11/2023,17:30:01,4,,
manual,103,29/11/2023,17:30:01,5,11.85,13.22
manual,103,29/11/2023,17:30:01,6,11.76,13.04
manual,103,29/11/2023,17:30:01,7,11.67,12.83
manual,103,29/11/2023,17:30:01,8,11.59,12.67
manual,103,29/11/2023,17:30:01,9,12.15,13.67
manual,103,29/11/2023,17:30:01,10,12.1,13.58
manual,95,29/11/2023,19:55:15,1,14.79,18.26
manual,95,29/11/2023,19:55:15,2,14.75,18.15
manual,95,29/11/2023,19:55:15,3,15.6,19.74
manual,95,29/11/2023,19:55:15,4,15.54,19.65
manual,95,29/11/2023,19:55:15,5,11.75,13.07
manual,95,29/11/2023,19:55:15,6,11.64,12.77
manual,95,29/11/2023,19:55:15,7,13.01,15.26
manual,95,29/11/2023,19:55:15,8,12.94,15.08
manual,95,29/11/2023,19:55:15,9,13.66,16.3
manual,95,29/11/2023,19:55:15,10,13.61,16.28
manual,92,29/11/2023,19:59:40,1,14.81,18.27
manual,92,29/11/2023,19:59:40,2,14.77,18.16
manual,92,29/11/2023,19:59:40,3,,
manual,92,29/11/2023,19:59:40,4,,
manual,92,29/11/2023,19:59:40,5,11.79,13.1
manual,92,29/11/2023,19:59:40,6,11.66,12.93
manual,92,29/11/2023,19:59:40,7,13.04,15.28
manual,92,29/11/2023,19:59:40,8,12.96,15.15
manual,92,29/11/2023,19:59:40,9,13.67,16.35
manual,92,29/11/2023,19:59:40,10,13.62,16.27
manual,20,29/11/2023,20:00:40,1,14.79,18.24
manual,20,29/11/2023,20:00:40,2,14.76,18.15
manual,20,29/11/2023,20:00:40,3,15.62,19.95
manual,20,29/11/2023,20:00:40,4,15.57,19.71
manual,20,29/11/2023,20:00:40,5,11.77,13.08
manual,20,29/11/2023,20:00:40,6,11.66,12.9
manual,20,29/11/2023,20:00:40,7,13.02,15.26
manual,20,29/11/2023,20:00:40,8,12.94,15.08
manual,20,29/11/2023,20:00:40,9,13.67,16.33
manual,20,29/11/2023,20:00:40,10,13.62,16.28
manual,42,29/11/2023,20:03:27,1,14.77,18.24
manual,42,29/11/2023,20:03:27,2,14.73,18.14
manual,42,29/11/2023,20:03:27,3,,
manual,42,29/11/2023,20:03:27,4,,
manual,42,29/11/2023,20:03:27,5,11.8,13.07
manual,42,29/11/2023,20:03:27,6,11.66,12.86
manual,42,29/11/2023,20:03:27,7,13.01,15.23
manual,42,29/11/2023,20:03:27,8,12.93,15.07
manual,42,29/11/2023,20:03:27,9,13.64,16.3
manual,42,29/11/2023,20:03:27,10,13.61,16.26
manual,28,29/11/2023,20:11:47,1,14.81,18.33
manual,28,29/11/2023,20:11:47,2,14.77,18.21
manual,28,29/11/2023,20:11:47,3,,
manual,28,29/11/2023,20:11:47,4,,
manual,28,29/11/2023,20:11:47,5,11.81,13.13
manual,28,29/11/2023,20:11:47,6,11.69,13.0
manual,28,29/11/2023,20:11:47,7,13.05,15.26
manual,28,29/11/2023,20:11:47,8,12.97,15.11
manual,28,29/11/2023,20:11:47,9,13.68,16.38
manual,28,29/11/2023,20:11:47,10,13.64,16.3
manual,88,29/11/2023,20:17:26,1,14.81,
manual,88,29/11/2023,20:17:26,2,14.73,18.23
manual,88,29/11/2023,20:17:26,3,,
manual,88,29/11/2023,20:17:26,4,,
manual,88,29/11/2023,20:17:26,5,11.77,13.1
manual,88,29/11/2023,20:17:26,6,11.65,12.94
manual,88,29/11/2023,20:17:26,7,13.06,15.28
manual,88,29/11/2023,20:17:26,8,12.96,15.12
manual,88,29/11/2023,20:17:26,9,13.71,16.37
manual,88,29/11/2023,20:17:26,10,13.67,16.3
manual,7,29/11/2023,20:17:34,1,14.79,18.24
manual,7,29/11/2023,20:17:34,2,14.76,18.11
manual,7,29/11/2023,20:17:34,3,,
manual,7,29/11/2023,20:17:34,4,,
manual,7,29/11/2023,20:17:34,5,11.76,13.07
manual,7,29/11/2023,20:17:34,6,11.65,12.88
manual,7,29/11/2023,20:17:34,7,13.01,15.26
manual,7,29/11/2023,20:17:34,8,12.94,15.09
manual,7,29/11/2023,20:17:34,9,13.66,16.32
manual,7,29/11/2023,20:17:34,10,13.61,16.26
manual,59,29/11/2023,20:21:03,1,14.83,
manual,59,29/11/2023,20:21:03,2,14.76,
manual,59,29/11/2023,20:21:03,3,,
manual,59,29/11/2023,20:21:03,4,,
manual,59,29/11/2023,20:21:03,5,11.82,13.14
manual,59,29/11/2023,20:21:03,6,11.71,12.97
manual,59,29/11/2023,20:21:03,7,13.05,15.29
manual,59,29/11/2023,20:21:03,8,13.01,15.16
manual,59,29/11/2023,20:21:03,9,,
manual,59,29/11/2023,20:21:03,10,,
manual,57,29/11/2023,21:04:10,1,14.84,18.32
manual,57,29/11/2023,21:04:10,2,14.78,18.24
manual,57,29/11/2023,21:04:10,3,,
manual,57,29/11/2023,21:04:10,4,,
manual,57,29/11/2023,21:04:10,5,11.84,13.16
manual,57,29/11/2023,21:04:10,6,11.7,12.98
manual,57,29/11/2023,21:04:10,7,13.06,15.32
manual,57,29/11/2023,21:04:10,8,13.0,15.15
manual,57,29/11/2023,21:04:10,9,13.69,16.41
manual,57,29/11/2023,21:04:10,10,13.64,16.31
manual,48,29/11/2023,22:21:04,1,14.83,18.33
manual,48,29/11/2023,22:21:04,2,14.78,18.18
manual,48,29/11/2023,22:21:04,3,,
manual,48,29/11/2023,22:21:04,4,,
manual,48,29/11/2023,22:21:04,5,11.79,13.13
manual,48,29/11/2023,22:21:04,6,11.69,12.96
manual,48,29/11/2023,22:21:04,7,13.06,15.31
manual,48,29/11/2023,22:21:04,8,12.98,15.14
manual,48,29/11/2023,22:21:04,9,13.68,16.37
manual,48,29/11/2023,22:21:04,10,13.65,16.32
manual,34,30/11/2023,10:41:41,1,14.83,18.3
manual,34,30/11/2023,10:41:41,2,14.78,18.18
manual,34,30/11/2023,10:41:41,3,,
manual,34,30/11/2023,10:41:41,4,,
manual,34,30/11/2023,10:41:41,5,11.84,13.14
manual,34,30/11/2023,10:41:41,6,11.73,12.96
manual,34,30/11/2023,10:41:41,7,13.05,15.29
manual,34,30/11/2023,10:41:41,8,12.98,15.14
manual,34,30/11/2023,10:41:41,9,13.7,16.35
manual,34,30/11/2023,10:41:41,10,13.63,16.3
manual,40,30/11/2023,15:26:32,1,17.98,23.81
manual,40,30/11/2023,15:26:32,2,17.94,23.72
manual,40,30/11/2023,15:26:32,3,,
manual,40,30/11/2023,15:26:32,4,,
manual,40,30/11/2023,15:26:32,5,14.2,17.42
manual,40,30/11/2023,15:26:32,6,14.11,17.22
manual,40,30/11/2023,15:26:32,7,16.1,20.58
manual,40,30/11/2023,15:26:32,8,16.06,20.46
manual,40,30/11/2023,15:26:32,9,16.4,21.82
manual,40,30/11/2023,15:26:32,10,16.42,21.72
manual,94,01/12/2023,15:35:32,1,14.86,18.3
manual,94,01/12/2023,15:35:32,2,14.81,18.19
manual,94,01/12/2023,15:35:32,3,,
manual,94,01/12/2023,15:35:32,4,,
manual,94,01/12/2023,15:35:32,5,11.81,13.15
manual,94,01/12/2023,15:35:32,6,11.71,12.94
manual,94,01/12/2023,15:35:32,7,13.07,15.35
manual,94,01/12/2023,15:35:32,8,13.01,15.16
manual,94,01/12/2023,15:35:32,9,,
manual,94,01/12/2023,15:35:32,10,,
manual,51,02/12/2023,13:39:05,1,14.82,18.31
manual,51,02/12/2023,13:39:05,2,14.8,18.26
manual,51,02/12/2023,13:39:05,3,15.65,19.69
manual,51,02/12/2023,13:39:05,4,15.6,19.58
manual,51,02/12/2023,13:39:05,5,12.06,13.59
manual,51,02/12/2023,13:39:05,6,11.95,13.41
manual,51,02/12/2023,13:39:05,7,13.2,15.5
manual,51,02/12/2023,13:39:05,8,13.11,15.37
manual,51,02/12/2023,13:39:05,9,13.74,16.5
manual,51,02/12/2023,13:39:05,10,13.7,16.42
manual,71,02/12/2023,16:53:40,1,13.7,16.45
manual,71,02/12/2023,16:53:40,2,13.65,16.31
manual,71,02/12/2023,16:53:40,3,,
manual,71,02/12/2023,16:53:40,4,,
manual,71,02/12/2023,16:53:40,5,11.92,13.16
manual,71,02/12/2023,16:53:40,6,11.77,13.02
manual,71,02/12/2023,16:53:40,7,11.77,13.12
manual,71,02/12/2023,16:53:40,8,11.66,12.97
manual,71,02/12/2023,16:53:40,9,12.59,14.46
manual,71,02/12/2023,16:53:40,10,12.52,14.38
manual,106,02/12/2023,19:51:08,1,14.78,18.08
manual,106,02/12/2023,19:51:08,2,14.7,17.76
manual,106,02/12/2023,19:51:08,3,,
manual,106,02/12/2023,19:51:08,4,,
manual,106,02/12/2023,19:51:08,5,11.75,13.06
manual,106,02/12/2023,19:51:08,6,11.65,12.86
manual,106,02/12/2023,19:51:08,7,12.94,15.26
manual,106,02/12/2023,19:51:08,8,12.93,15.1
manual,106,02/12/2023,19:51:08,9,13.66,16.34
manual,106,02/12/2023,19:51:08,10,13.63,16.26
manual,89,03/12/2023,22:26:37,1,13.96,16.86
manual,89,03/12/2023,22:26:37,2,13.88,16.77
manual,89,03/12/2023,22:26:37,3,,
manual,89,03/12/2023,22:26:37,4,,
manual,89,03/12/2023,22:26:37,5,11.93,13.3
manual,89,03/12/2023,22:26:37,6,11.82,13.13
manual,89,03/12/2023,22:26:37,7,12.07,13.58
manual,89,03/12/2023,22:26:37,8,12.03,13.44
manual,89,03/12/2023,22:26:37,9,,14.9
manual,89,03/12/2023,22:26:37,10,,14.86
manual,26,03/12/2023,22:27:18,1,13.93,16.83
manual,26,03/12/2023,22:27:18,2,13.9,16.73
manual,26,03/12/2023,22:27:18,3,,
manual,26,03/12/2023,22:27:18,4,,
manual,26,03/12/2023,22:27:18,5,11.89,13.27
manual,26,03/12/2023,22:27:18,6,11.8,13.11
manual,26,03/12/2023,22:27:18,7,12.07,13.55
manual,26,03/12/2023,22:27:18,8,11.94,13.39
manual,26,03/12/2023,22:27:18,9,,14.9
manual,26,03/12/2023,22:27:18,10,,14.78
manual,32,04/12/2023,13:57:51,1,12.29,13.97
manual,32,04/12/2023,13:57:51,2,12.24,13.85
manual,32,04/12/2023,13:57:51,3,,
manual,32,04/12/2023,13:57:51,4,,
manual,32,04/12/2023,13:57:51,5,13.69,16.45
manual,32,04/12/2023,13:57:51,6,13.63,16.31
manual,32,04/12/2023,13:57:51,7,12.44,14.08
manual,32,04/12/2023,13:57:51,8,12.36,13.94
manual,32,04/12/2023,13:57:51,9,,
manual,32,04/12/2023,13:57:51,10,,
manual,35,04/12/2023,22:19:19,1,12.44,14.14
manual,35,04/12/2023,22:19:19,2,12.38,13.99
manual,35,04/12/2023,22:19:19,3,,
manual,35,04/12/2023,22:19:19,4,,
manual,35,04/12/2023,22:19:19,5,,
manual,35,04/12/2023,22:19:19,6,,
manual,35,04/12/2023,22:19:19,7,12.26,14.2
manual,35,04/12/2023,22:19:19,8,12.17,14.09
manual,35,04/12/2023,22:19:19,9,,13.6
manual,35,04/12/2023,22:19:19,10,,13.44
manual,23,04/12/2023,22:25:26,1,12.69,14.6
manual,23,04/12/2023,22:25:26,2,12.61,14.49
manual,23,04/12/2023,22:25:26,3,15.95,19.86
manual,23,04/12/2023,22:25:26,4,15.85,19.78
manual,23,04/12/2023,22:25:26,5,13.9,16.83
manual,23,04/12/2023,22:25:26,6,13.84,16.64
manual,23,04/12/2023,22:25:26,7,12.72,14.59
manual,23,04/12/2023,22:25:26,8,12.64,14.49
manual,23,04/12/2023,22:25:26,9,12.42,14.11
manual,23,04/12/2023,22:25:26,10,12.34,13.98
manual,4,06/12/2023,23:32:39,1,12.88,15.0
manual,4,06/12/2023,23:32:39,2,12.83,14.91
manual,4,06/12/2023,23:32:39,3,,
manual,4,06/12/2023,23:32:39,4,,
manual,4,06/12/2023,23:32:39,5,12.1,13.71
manual,4,06/12/2023,23:32:39,6,12.07,13.56
manual,4,06/12/2023,23:32:39,7,11.28,12.17
manual,4,06/12/2023,23:32:39,8,11.2,12.02
manual,4,06/12/2023,23:32:39,10,,
manual,60,07/12/2023,09:38:18,1,12.46,14.24
manual,60,07/12/2023,09:38:18,2,12.39,14.1
manual,60,07/12/2023,09:38:18,3,,
manual,60,07/12/2023,09:38:18,4,,
manual,60,07/12/2023,09:38:18,5,14.0,17.0
manual,60,07/12/2023,09:38:18,6,13.93,16.87
manual,60,07/12/2023,09:38:18,7,12.63,14.51
manual,60,07/12/2023,09:38:18,8,12.56,14.38
manual,60,07/12/2023,09:38:18,9,,
manual,60,07/12/2023,09:38:18,10,,
manual,58,07/12/2023,22:46:21,1,12.29,13.98
manual,58,07/12/2023,22:46:21,2,12.23,13.84
manual,58,07/12/2023,22:46:21,3,,
manual,58,07/12/2023,22:46:21,4,,
manual,58,07/12/2023,22:46:21,5,13.8,16.7
manual,58,07/12/2023,22:46:21,6,13.73,16.5
manual,58,07/12/2023,22:46:21,7,12.5,14.27
manual,58,07/12/2023,22:46:21,8,12.42,14.13
manual,58,07/12/2023,22:46:21,9,,
manual,58,07/12/2023,22:46:21,10,11.97,
manual,80,09/12/2023,12:46:05,1,14.39,17.6
manual,80,09/12/2023,12:46:05,2,14.42,17.48
manual,80,09/12/2023,12:46:05,3,,
manual,80,09/12/2023,12:46:05,4,,
manual,80,09/12/2023,12:46:05,5,12.34,14.08
manual,80,09/12/2023,12:46:05,6,12.24,13.92
manual,80,09/12/2023,12:46:05,7,12.54,14.38
manual,80,09/12/2023,12:46:05,8,12.46,14.27
manual,80,09/12/2023,12:46:05,9,13.33,15.75
manual,80,09/12/2023,12:46:05,10,13.27,15.64
manual,11,09/12/2023,15:41:34,1,14.23,17.31
manual,11,09/12/2023,15:41:34,2,14.2,17.22
manual,11,09/12/2023,15:41:34,3,15.88,20.11
manual,11,09/12/2023,15:41:34,4,15.83,20.01
manual,11,09/12/2023,15:41:34,5,11.79,13.11
manual,11,09/12/2023,15:41:34,6,11.68,12.91
manual,11,09/12/2023,15:41:34,7,12.47,14.29
manual,11,09/12/2023,15:41:34,8,12.4,14.15
manual,11,09/12/2023,15:41:34,9,13.13,15.42
manual,11,09/12/2023,15:41:34,10,13.07,15.31
manual,24,09/12/2023,15:45:43,1,14.23,17.33
manual,24,09/12/2023,15:45:43,2,14.2,17.2
manual,24,09/12/2023,15:45:43,3,,
manual,24,09/12/2023,15:45:43,4,,
manual,24,09/12/2023,15:45:43,5,11.79,13.11
manual,24,09/12/2023,15:45:43,6,11.68,12.91
manual,24,09/12/2023,15:45:43,7,12.47,14.29
manual,24,09/12/2023,15:45:43,8,12.4,14.13
manual,24,09/12/2023,15:45:43,9,,15.39
manual,24,09/12/2023,15:45:43,10,,15.33
manual,101,10/12/2023,19:42:11,1,12.2,13.76
manual,101,10/12/2023,19:42:11,2,12.13,13.63
manual,101,10/12/2023,19:42:11,3,,19.39
manual,101,10/12/2023,19:42:11,4,,19.32
manual,101,10/12/2023,19:42:11,5,13.76,16.55
manual,101,10/12/2023,19:42:11,6,13.68,16.38
manual,101,10/12/2023,19:42:11,7,12.45,14.11
manual,101,10/12/2023,19:42:11,8,12.37,14.01
manual,101,10/12/2023,19:42:11,9,11.97,13.36
manual,101,10/12/2023,19:42:11,10,11.88,13.2
manual,39,11/12/2023,17:41:26,1,12.28,13.62
manual,39,11/12/2023,17:41:26,2,12.01,13.49
manual,39,11/12/2023,17:41:26,3,,
manual,39,11/12/2023,17:41:26,4,,
manual,39,11/12/2023,17:41:26,5,,16.62
manual,39,11/12/2023,17:41:26,6,13.71,16.41
manual,39,11/12/2023,17:41:26,7,,
manual,39,11/12/2023,17:41:26,8,,
manual,39,11/12/2023,17:41:26,9,13.27,15.55
manual,39,11/12/2023,17:41:26,10,13.11,15.46
manual,22,12/12/2023,15:01:19,1,12.15,13.64
manual,22,12/12/2023,15:01:19,2,12.07,13.5
manual,22,12/12/2023,15:01:19,3,,19.63
manual,22,12/12/2023,15:01:19,4,,19.52
manual,22,12/12/2023,15:01:19,5,13.84,16.65
manual,22,12/12/2023,15:01:19,6,13.75,16.47
manual,22,12/12/2023,15:01:19,7,12.39,14.1
manual,22,12/12/2023,15:01:19,8,12.35,13.97
manual,22,12/12/2023,15:01:19,9,11.93,13.27
manual,22,12/12/2023,15:01:19,10,11.85,13.13
manual,2,12/12/2023,18:11:36,1,14.17,17.36
manual,2,12/12/2023,18:11:36,2,14.26,17.28
manual,2,12/12/2023,18:11:36,3,,
manual,2,12/12/2023,18:11:36,4,,
manual,2,12/12/2023,18:11:36,5,12.22,13.81
manual,2,12/12/2023,18:11:36,6,12.08,13.6
manual,2,12/12/2023,18:11:36,7,,
manual,2,12/12/2023,18:11:36,8,,
manual,2,12/12/2023,18:11:36,9,13.28,15.54
manual,2,12/12/2023,18:11:36,10,13.22,15.47
manual,75,13/12/2023,08:45:14,1,14.81,18.29
manual,75,13/12/2023,08:45:14,2,14.76,18.19
manual,75,13/12/2023,08:45:14,3,19.82,
manual,75,13/12/2023,08:45:14,4,19.7,
manual,75,13/12/2023,08:45:14,5,11.78,13.11
manual,75,13/12/2023,08:45:14,6,11.67,12.91
manual,75,13/12/2023,08:45:14,7,13.04,15.27
manual,75,13/12/2023,08:45:14,8,,
manual,75,13/12/2023,08:45:14,9,13.68,16.37
manual,75,13/12/2023,08:45:14,10,13.63,16.27
manual,6,15/12/2023,04:52:31,1,14.79,18.28
manual,6,15/12/2023,04:52:31,2,14.76,18.19
manual,6,15/12/2023,04:52:31,3,,
manual,6,15/12/2023,04:52:31,4,,
manual,6,15/12/2023,04:52:31,5,11.78,13.1
manual,6,15/12/2023,04:52:31,6,11.66,12.91
manual,6,15/12/2023,04:52:31,7,13.03,15.25
manual,6,15/12/2023,04:52:31,8,12.95,15.11
manual,6,15/12/2023,04:52:31,9,,16.34
manual,6,15/12/2023,04:52:31,10,13.61,16.25
manual,70,15/12/2023,19:09:59,1,14.56,16.77
manual,70,15/12/2023,19:09:59,2,14.48,16.68
manual,70,15/12/2023,19:09:59,3,,
manual,70,15/12/2023,19:09:59,4,,
manual,70,15/12/2023,19:09:59,5,12.11,13.52
manual,70,15/12/2023,19:09:59,6,12.02,13.37
manual,70,15/12/2023,19:09:59,7,12.13,13.52
manual,70,15/12/2023,19:09:59,8,12.01,13.38
manual,70,15/12/2023,19:09:59,9,,
manual,70,15/12/2023,19:09:59,10,,
manual,10,16/12/2023,14:45:13,1,13.32,15.71
manual,10,16/12/2023,14:45:13,2,13.29,15.6
manual,10,16/12/2023,14:45:13,3,18.99,
manual,10,16/12/2023,14:45:13,4,18.89,
manual,10,16/12/2023,14:45:13,5,11.81,13.14
manual,10,16/12/2023,14:45:13,6,11.72,12.97
manual,10,16/12/2023,14:45:13,7,11.78,13.05
manual,10,16/12/2023,14:45:13,8,11.73,12.91
manual,10,16/12/2023,14:45:13,9,12.21,13.83
manual,10,16/12/2023,14:45:13,10,12.17,13.74
manual,104,16/12/2023,20:39:01,1,12.73,14.8
manual,104,16/12/2023,20:39:01,2,12.68,14.66
manual,104,16/12/2023,20:39:01,3,16.14,20.52
manual,104,16/12/2023,20:39:01,4,16.1,20.41
manual,104,16/12/2023,20:39:01,5,15.45,19.57
manual,104,16/12/2023,20:39:01,6,15.38,19.42
manual,104,16/12/2023,20:39:01,7,13.99,16.92
manual,104,16/12/2023,20:39:01,8,13.93,16.82
manual,104,16/12/2023,20:39:01,9,13.26,15.68
manual,104,16/12/2023,20:39:01,10,13.21,15.53
manual,31,17/12/2023,12:43:26,1,16.95,24.6
manual,31,17/12/2023,12:43:26,2,16.92,24.49
manual,31,17/12/2023,12:43:26,3,15.81,22.6
manual,31,17/12/2023,12:43:26,4,15.78,22.49
manual,31,17/12/2023,12:43:26,5,13.13,18.12
manual,31,17/12/2023,12:43:26,6,13.06,18.01
manual,31,17/12/2023,12:43:26,7,15.02,21.4
manual,31,17/12/2023,12:43:26,8,14.95,21.18
manual,31,17/12/2023,12:43:26,9,15.78,22.58
manual,31,17/12/2023,12:43:26,10,15.75,22.49
manual,44,17/12/2023,23:04:04,1,11.47,15.17
manual,44,17/12/2023,23:04:04,2,11.32,15.02
manual,44,17/12/2023,23:04:04,3,,21.13
manual,44,17/12/2023,23:04:04,4,16.71,21.02
manual,44,17/12/2023,23:04:04,5,,
manual,44,17/12/2023,23:04:04,6,,
manual,44,17/12/2023,23:04:04,7,14.53,17.39
manual,44,17/12/2023,23:04:04,8,14.46,17.27
manual,44,17/12/2023,23:04:04,9,12.32,16.13
manual,44,17/12/2023,23:04:04,10,12.3,15.96
manual,87,18/12/2023,15:58:05,1,14.62,18.01
manual,87,18/12/2023,15:58:05,2,14.58,17.92
manual,87,18/12/2023,15:58:05,3,16.49,21.1
manual,87,18/12/2023,15:58:05,4,16.39,21.01
manual,87,18/12/2023,15:58:05,5,12.03,13.54
manual,87,18/12/2023,15:58:05,6,11.92,13.32
manual,87,18/12/2023,15:58:05,7,12.78,14.81
manual,87,18/12/2023,15:58:05,8,12.7,14.57
manual,87,18/12/2023,15:58:05,9,13.52,16.1
manual,87,18/12/2023,15:58:05,10,13.47,16.0
manual,25,18/12/2023,17:23:00,1,14.6,17.99
manual,25,18/12/2023,17:23:00,2,14.56,17.88
manual,25,18/12/2023,17:23:00,3,,
manual,25,18/12/2023,17:23:00,4,,
manual,25,18/12/2023,17:23:00,5,12.01,13.51
manual,25,18/12/2023,17:23:00,6,11.9,13.31
manual,25,18/12/2023,17:23:00,7,12.76,14.79
manual,25,18/12/2023,17:23:00,8,12.72,14.59
manual,25,18/12/2023,17:23:00,9,,16.06
manual,25,18/12/2023,17:23:00,10,,15.96
manual,72,19/12/2023,23:58:43,1,14.58,17.96
manual,72,19/12/2023,23:58:43,2,14.56,17.86
manual,72,19/12/2023,23:58:43,3,,
manual,72,19/12/2023,23:58:43,4,,
manual,72,19/12/2023,23:58:43,5,11.97,13.48
manual,72,19/12/2023,23:58:43,6,11.88,13.27
manual,72,19/12/2023,23:58:43,7,13.41,14.72
manual,72,19/12/2023,23:58:43,8,13.34,14.56
manual,72,19/12/2023,23:58:43,9,13.48,16.03
manual,72,19/12/2023,23:58:43,10,13.43,15.96
manual,16,20/12/2023,20:44:30,1,14.66,18.04
manual,16,20/12/2023,20:44:30,2,14.54,17.93
manual,16,20/12/2023,20:44:30,3,,
manual,16,20/12/2023,20:44:30,4,,
manual,16,20/12/2023,20:44:30,5,12.06,13.58
manual,16,20/12/2023,20:44:30,6,11.95,13.37
manual,16,20/12/2023,20:44:30,7,,14.84
manual,16,20/12/2023,20:44:30,8,,14.72
manual,16,20/12/2023,20:44:30,9,,16.15
manual,16,20/12/2023,20:44:30,10,,16.05
manual,85,21/12/2023,00:35:58,1,13.58,16.22
manual,85,21/12/2023,00:35:58,2,13.51,16.1
manual,85,21/12/2023,00:35:58,3,,24.21
manual,85,21/12/2023,00:35:58,4,,24.14
manual,85,21/12/2023,00:35:58,5,,
manual,85,21/12/2023,00:35:58,6,,
manual,85,21/12/2023,00:35:58,7,,
manual,85,21/12/2023,00:35:58,8,,
manual,85,21/12/2023,00:35:58,9,14.39,17.5
manual,85,21/12/2023,00:35:58,10,14.25,17.4
manual,50,21/12/2023,03:25:22,1,12.51,14.22
manual,50,21/12/2023,03:25:22,2,12.45,14.13
manual,50,21/12/2023,03:25:22,3,,19.74
manual,50,21/12/2023,03:25:22,4,,19.62
manual,50,21/12/2023,03:25:22,5,13.8,16.58
manual,50,21/12/2023,03:25:22,6,13.74,16.37
manual,50,21/12/2023,03:25:22,7,,14.23
manual,50,21/12/2023,03:25:22,8,,14.1
manual,50,21/12/2023,03:25:22,9,,13.71
manual,50,21/12/2023,03:25:22,10,,13.55
manual,19,21/12/2023,15:59:36,1,13.74,16.49
manual,19,21/12/2023,15:59:36,2,13.72,16.39
manual,19,21/12/2023,15:59:36,3,,
manual,19,21/12/2023,15:59:36,4,,
manual,19,21/12/2023,15:59:36,5,12.06,13.62
manual,19,21/12/2023,15:59:36,6,11.98,13.46
manual,19,21/12/2023,15:59:36,7,11.86,13.24
manual,19,21/12/2023,15:59:36,8,11.79,13.13
manual,19,21/12/2023,15:59:36,9,12.67,14.6
manual,19,21/12/2023,15:59:36,10,12.61,14.5
manual,68,25/12/2023,04:11:23,1,14.8,18.3
manual,68,25/12/2023,04:11:23,2,14.77,18.21
manual,68,25/12/2023,04:11:23,3,,
manual,68,25/12/2023,04:11:23,4,,
manual,68,25/12/2023,04:11:23,5,11.77,13.09
manual,68,25/12/2023,04:11:23,6,11.66,12.89
manual,68,25/12/2023,04:11:23,7,13.02,15.24
manual,68,25/12/2023,04:11:23,8,12.95,15.09
manual,68,25/12/2023,04:11:23,9,13.67,16.36
manual,68,25/12/2023,04:11:23,10,13.62,16.27
manual,54,25/12/2023,20:18:48,1,16.67,21.5
manual,54,25/12/2023,20:18:48,2,16.63,21.4
manual,54,25/12/2023,20:18:48,3,,
manual,54,25/12/2023,20:18:48,4,,
manual,54,25/12/2023,20:18:48,5,13.22,15.62
manual,54,25/12/2023,20:18:48,6,13.12,15.41
manual,54,25/12/2023,20:18:48,7,14.75,18.21
manual,54,25/12/2023,20:18:48,8,14.68,18.11
manual,54,25/12/2023,20:18:48,9,15.56,19.51
manual,54,25/12/2023,20:18:48,10,15.45,19.45
manual,12,25/12/2023,21:37:33,1,12.33,13.94
manual,12,25/12/2023,21:37:33,2,12.26,13.84
manual,12,25/12/2023,21:37:33,3,15.59,19.41
manual,12,25/12/2023,21:37:33,4,15.56,19.3
manual,12,25/12/2023,21:37:33,5,13.69,16.43
manual,12,25/12/2023,21:37:33,6,13.62,16.23
manual,12,25/12/2023,21:37:33,7,12.43,14.11
manual,12,25/12/2023,21:37:33,8,12.35,13.98
manual,12,25/12/2023,21:37:33,9,12.03,13.44
manual,12,25/12/2023,21:37:33,10,11.94,13.3
manual,63,26/12/2023,04:40:06,1,14.16,17.19
manual,63,26/12/2023,04:40:06,2,14.13,17.08
manual,63,26/12/2023,04:40:06,3,,
manual,63,26/12/2023,04:40:06,4,,
manual,63,26/12/2023,04:40:06,5,11.11,11.93
manual,63,26/12/2023,04:40:06,6,11.0,11.73
manual,63,26/12/2023,04:40:06,7,12.15,13.78
manual,63,26/12/2023,04:40:06,8,12.12,13.66
manual,63,26/12/2023,04:40:06,9,,
manual,63,26/12/2023,04:40:06,10,,
manual,84,27/12/2023,00:10:03,1,14.4,17.61
manual,84,27/12/2023,00:10:03,2,14.36,17.47
manual,84,27/12/2023,00:10:03,3,,
manual,84,27/12/2023,00:10:03,4,,
manual,84,27/12/2023,00:10:03,5,12.33,14.06
manual,84,27/12/2023,00:10:03,6,12.24,13.9
manual,84,27/12/2023,00:10:03,7,12.53,14.38
manual,84,27/12/2023,00:10:03,8,12.45,14.25
manual,84,27/12/2023,00:10:03,9,13.32,15.73
manual,84,27/12/2023,00:10:03,10,13.26,15.63
manual,108,28/12/2023,15:55:45,1,13.77,16.45
manual,108,28/12/2023,15:55:45,2,13.76,16.42
manual,108,28/12/2023,15:55:45,3,12.49,14.25
manual,108,28/12/2023,15:55:45,4,12.43,14.19
manual,108,28/12/2023,15:55:45,5,13.81,16.48
manual,108,28/12/2023,15:55:45,6,13.72,16.37
manual,108,28/12/2023,15:55:45,7,13.79,16.6
manual,108,28/12/2023,15:55:45,8,13.75,16.49
manual,108,28/12/2023,15:55:45,9,13.12,15.82
manual,108,28/12/2023,15:55:45,10,13.19,15.75
manual,97,29/12/2023,10:16:38,1,12.42,14.19
manual,97,29/12/2023,10:16:38,2,12.36,14.07
manual,97,29/12/2023,10:16:38,3,,
manual,97,29/12/2023,10:16:38,4,,
manual,97,29/12/2023,10:16:38,5,13.68,16.41
manual,97,29/12/2023,10:16:38,6,13.55,16.22
manual,97,29/12/2023,10:16:38,7,,14.14
manual,97,29/12/2023,10:16:38,8,,14.04
manual,97,29/12/2023,10:16:38,9,,
manual,97,29/12/2023,10:16:38,10,12.03,13.46
manual,107,29/12/2023,15:27:34,1,20.88,25.84
manual,107,29/12/2023,15:27:34,2,20.81,25.81
manual,107,29/12/2023,15:27:34,3,15.39,16.66
manual,107,29/12/2023,15:27:34,4,15.33,16.58
manual,107,29/12/2023,15:27:34,5,19.31,23.4
manual,107,29/12/2023,15:27:34,6,19.25,23.32
manual,107,29/12/2023,15:27:34,7,20.4,25.17
manual,107,29/12/2023,15:27:34,8,20.16,25.07
manual,107,29/12/2023,15:27:34,9,,25.07
manual,107,29/12/2023,15:27:34,10,,24.99
manual,61,30/12/2023,10:08:54,1,16.87,21.84
manual,61,30/12/2023,10:08:54,2,16.83,21.74
manual,61,30/12/2023,10:08:54,3,16.58,21.53
manual,61,30/12/2023,10:08:54,4,16.53,21.43
manual,61,30/12/2023,10:08:54,5,13.35,15.86
manual,61,30/12/2023,10:08:54,6,13.25,15.67
manual,61,30/12/2023,10:08:54,7,15.05,18.66
manual,61,30/12/2023,10:08:54,8,14.98,18.59
manual,61,30/12/2023,10:08:54,9,15.7,19.96
manual,61,30/12/2023,10:08:54,10,15.67,19.82
manual,52,31/12/2023,02:17:29,1,14.41,17.74
manual,52,31/12/2023,02:17:29,2,14.46,17.64
manual,52,31/12/2023,02:17:29,3,,
manual,52,31/12/2023,02:17:29,4,,
manual,52,31/12/2023,02:17:29,5,11.74,12.94
manual,52,31/12/2023,02:17:29,6,11.62,12.75
manual,52,31/12/2023,02:17:29,7,12.68,14.64
manual,52,31/12/2023,02:17:29,8,12.58,14.49
manual,52,31/12/2023,02:17:29,9,,15.8
manual,52,31/12/2023,02:17:29,10,13.31,15.73
manual,93,31/12/2023,10:07:10,1,18.72,25.11
manual,93,31/12/2023,10:07:10,2,18.69,25.05
manual,93,31/12/2023,10:07:10,3,18.08,23.93
manual,93,31/12/2023,10:07:10,4,17.99,23.87
manual,93,31/12/2023,10:07:10,5,14.86,18.67
manual,93,31/12/2023,10:07:10,6,14.8,18.43
manual,93,31/12/2023,10:07:10,7,16.76,21.76
manual,93,31/12/2023,10:07:10,8,16.7,21.64
manual,93,31/12/2023,10:07:10,9,17.55,23.09
manual,93,31/12/2023,10:07:10,10,17.49,23.03
artificial,14,06/11/2023,01:42:50,1,12.74,15.03
artificial,14,06/11/2023,01:42:50,2,12.75,14.96
artificial,14,06/11/2023,01:42:50,3,,
artificial,14,06/11/2023,01:42:50,4,,
artificial,14,06/11/2023,01:42:50,5,,
artificial,14,06/11/2023,01:42:50,6,14.11,
artificial,14,06/11/2023,01:42:50,7,12.06,13.76
artificial,14,06/11/2023,01:42:50,8,12.06,13.76
artificial,14,06/11/2023,01:42:50,9,,
artificial,14,06/11/2023,01:42:50,10,12.3,14.22
artificial,20,06/11/2023,01:45:00,1,12.8,15.29
artificial,20,06/11/2023,01:45:00,2,12.81,15.09
artificial,20,06/11/2023,01:45:00,3,,
artificial,20,06/11/2023,01:45:00,4,,
artificial,20,06/11/2023,01:45:00,5,,
artificial,20,06/11/2023,01:45:00,6,14.15,
artificial,20,06/11/2023,01:45:00,7,12.11,13.92
artificial,20,06/11/2023,01:45:00,8,12.09,13.84
artificial,20,06/11/2023,01:45:00,9,12.43,
artificial,20,06/11/2023,01:45:00,10,12.29,14.47
artificial,7,13/11/2023,00:52:04,1,12.78,15.06
artificial,7,13/11/2023,00:52:04,2,12.77,14.98
artificial,7,13/11/2023,00:52:04,3,,
artificial,7,13/11/2023,00:52:04,4,,
artificial,7,13/11/2023,00:52:04,5,,
artificial,7,13/11/2023,00:52:04,6,14.09,
artificial,7,13/11/2023,00:52:04,7,12.01,13.78
artificial,7,13/11/2023,00:52:04,8,11.98,13.72
artificial,7,13/11/2023,00:52:04,9,12.34,
artificial,7,13/11/2023,00:52:04,10,12.27,
artificial,3,15/11/2023,04:05:21,1,13.76,15.93
artificial,3,15/11/2023,04:05:21,2,13.73,15.97
artificial,3,15/11/2023,04:05:21,3,,
artificial,3,15/11/2023,04:05:21,4,,
artificial,3,15/11/2023,04:05:21,5,,
artificial,3,15/11/2023,04:05:21,6,,
artificial,3,15/11/2023,04:05:21,7,12.98,14.68
artificial,3,15/11/2023,04:05:21,8,12.97,14.62
artificial,3,15/11/2023,04:05:21,9,12.17,
artificial,3,15/11/2023,04:05:21,10,12.24,
artificial,4,15/11/2023,04:07:46,1,12.78,15.02
artificial,4,15/11/2023,04:07:46,2,12.78,14.97
artificial,4,15/11/2023,04:07:46,3,,
artificial,4,15/11/2023,04:07:46,4,,
artificial,4,15/11/2023,04:07:46,5,,
artificial,4,15/11/2023,04:07:46,6,14.07,
artificial,4,15/11/2023,04:07:46,7,12.05,13.83
artificial,4,15/11/2023,04:07:46,8,12.03,13.87
artificial,4,15/11/2023,04:07:46,9,,
artificial,4,15/11/2023,04:07:46,10,12.25,
artificial,10,18/11/2023,01:18:16,1,12.88,15.12
artificial,10,18/11/2023,01:18:16,2,12.85,15.17
artificial,10,18/11/2023,01:18:16,3,,
artificial,10,18/11/2023,01:18:16,4,,
artificial,10,18/11/2023,01:18:16,5,,
artificial,10,18/11/2023,01:18:16,6,14.29,
artificial,10,18/11/2023,01:18:16,7,12.19,14.12
artificial,10,18/11/2023,01:18:16,8,12.1,13.74
artificial,10,18/11/2023,01:18:16,9,12.38,
artificial,10,18/11/2023,01:18:16,10,12.31,
artificial,18,18/11/2023,01:22:05,1,12.83,15.05
artificial,18,18/11/2023,01:22:05,2,12.8,14.99
artificial,18,18/11/2023,01:22:05,3,,
artificial,18,18/11/2023,01:22:05,4,,
artificial,18,18/11/2023,01:22:05,5,14.19,
artificial,18,18/11/2023,01:22:05,6,14.16,
artificial,18,18/11/2023,01:22:05,7,12.15,14.17
artificial,18,18/11/2023,01:22:05,8,12.11,
artificial,18,18/11/2023,01:22:05,9,,
artificial,18,18/11/2023,01:22:05,10,12.27,14.18
artificial,17,21/11/2023,02:08:19,1,12.99,15.43
artificial,17,21/11/2023,02:08:19,2,12.93,15.27
artificial,17,21/11/2023,02:08:19,3,,
artificial,17,21/11/2023,02:08:19,4,,
artificial,17,21/11/2023,02:08:19,5,,
artificial,17,21/11/2023,02:08:19,6,14.31,
artificial,17,21/11/2023,02:08:19,7,12.42,14.22
artificial,17,21/11/2023,02:08:19,8,12.24,13.92
artificial,17,21/11/2023,02:08:19,9,12.48,
artificial,17,21/11/2023,02:08:19,10,12.44,
artificial,21,24/11/2023,02:08:25,1,12.69,15.05
artificial,21,24/11/2023,02:08:25,2,12.79,14.98
artificial,21,24/11/2023,02:08:25,3,,
artificial,21,24/11/2023,02:08:25,4,,
artificial,21,24/11/2023,02:08:25,5,,
artificial,21,24/11/2023,02:08:25,6,14.1,
artificial,21,24/11/2023,02:08:25,7,,14.04
artificial,21,24/11/2023,02:08:25,8,11.8,13.76
artificial,21,24/11/2023,02:08:25,9,,
artificial,21,24/11/2023,02:08:25,10,,
artificial,2,01/12/2023,03:01:07,1,12.87,15.14
artificial,2,01/12/2023,03:01:07,2,12.89,15.05
artificial,2,01/12/2023,03:01:07,3,,
artificial,2,01/12/2023,03:01:07,4,,
artificial,2,01/12/2023,03:01:07,5,14.11,
artificial,2,01/12/2023,03:01:07,6,14.12,
artificial,2,01/12/2023,03:01:07,7,12.14,14.15
artificial,2,01/12/2023,03:01:07,8,12.12,13.95
artificial,2,01/12/2023,03:01:07,9,,
artificial,2,01/12/2023,03:01:07,10,12.37,14.63
artificial,19,05/12/2023,00:59:07,1,12.49,
artificial,19,05/12/2023,00:59:07,2,12.47,14.75
artificial,19,05/12/2023,00:59:07,3,,
artificial,19,05/12/2023,00:59:07,4,,
artificial,19,05/12/2023,00:59:07,5,,
artificial,19,05/12/2023,00:59:07,6,13.87,
artificial,19,05/12/2023,00:59:07,7,11.83,
artificial,19,05/12/2023,00:59:07,8,11.79,13.35
artificial,19,05/12/2023,00:59:07,9,12.13,
artificial,19,05/12/2023,00:59:07,10,12.04,
artificial,9,08/12/2023,01:14:14,1,12.61,
artificial,9,08/12/2023,01:14:14,2,12.56,14.78
artificial,9,08/12/2023,01:14:14,3,,
artificial,9,08/12/2023,01:14:14,4,,
artificial,9,08/12/2023,01:14:14,5,13.89,
artificial,9,08/12/2023,01:14:14,6,13.89,
artificial,9,08/12/2023,01:14:14,7,11.86,13.55
artificial,9,08/12/2023,01:14:14,8,11.91,13.47
artificial,9,08/12/2023,01:14:14,9,,
artificial,12,12/12/2023,03:22:05,1,12.79,15.05
artificial,12,12/12/2023,03:22:05,2,12.77,15.01
artificial,12,12/12/2023,03:22:05,3,,
artificial,12,12/12/2023,03:22:05,4,,
artificial,12,12/12/2023,03:22:05,5,,
artificial,12,12/12/2023,03:22:05,6,14.26,
artificial,12,12/12/2023,03:22:05,7,12.29,14.1
artificial,12,12/12/2023,03:22:05,8,12.26,14.03
artificial,12,12/12/2023,03:22:05,9,,14.45
artificial,12,12/12/2023,03:22:05,10,12.39,14.35
artificial,16,12/12/2023,03:33:45,1,12.67,14.82
artificial,16,12/12/2023,03:33:45,2,12.64,14.82
artificial,16,12/12/2023,03:33:45,3,,
artificial,16,12/12/2023,03:33:45,4,,
artificial,16,12/12/2023,03:33:45,5,,
artificial,16,12/12/2023,03:33:45,6,14.07,
artificial,16,12/12/2023,03:33:45,7,12.04,13.73
artificial,16,12/12/2023,03:33:45,8,11.98,13.62
artificial,16,12/12/2023,03:33:45,9,,
artificial,16,12/12/2023,03:33:45,10,,
artificial,5,15/12/2023,02:27:35,1,13.21,15.44
artificial,5,15/12/2023,02:27:35,2,13.17,15.39
artificial,5,15/12/2023,02:27:35,3,,
artificial,5,15/12/2023,02:27:35,4,,
artificial,5,15/12/2023,02:27:35,5,,
artificial,5,15/12/2023,02:27:35,6,,
artificial,5,15/12/2023,02:27:35,7,12.56,14.24
artificial,5,15/12/2023,02:27:35,8,12.39,14.11
artificial,5,15/12/2023,02:27:35,9,,
artificial,5,15/12/2023,02:27:35,10,,
artificial,15,19/12/2023,03:08:47,1,12.65,14.88
artificial,15,19/12/2023,03:08:47,2,12.65,14.81
artificial,15,19/12/2023,03:08:47,3,,
artificial,15,19/12/2023,03:08:47,4,,
artificial,15,19/12/2023,03:08:47,5,14.02,
artificial,15,19/12/2023,03:08:47,6,14.03,
artificial,15,19/12/2023,03:08:47,7,11.96,13.64
artificial,15,19/12/2023,03:08:47,8,11.93,13.58
artificial,15,19/12/2023,03:08:47,9,12.21,
artificial,15,19/12/2023,03:08:47,10,12.16,14.25
artificial,11,19/12/2023,03:39:18,1,12.44,14.61
artificial,11,19/12/2023,03:39:18,2,12.37,14.49
artificial,11,19/12/2023,03:39:18,3,,
artificial,11,19/12/2023,03:39:18,4,,
artificial,11,19/12/2023,03:39:18,5,14.01,
artificial,11,19/12/2023,03:39:18,6,13.95,17.19
artificial,11,19/12/2023,03:39:18,7,11.9,13.63
artificial,11,19/12/2023,03:39:18,8,11.87,13.6
artificial,11,19/12/2023,03:39:18,9,,
artificial,11,19/12/2023,03:39:18,10,12.12,13.91
artificial,8,20/12/2023,03:16:20,1,12.63,14.82
artificial,8,20/12/2023,03:16:20,2,12.6,14.77
artificial,8,20/12/2023,03:16:20,3,,
artificial,8,20/12/2023,03:16:20,4,,
artificial,8,20/12/2023,03:16:20,5,14.22,
artificial,8,20/12/2023,03:16:20,6,14.15,
artificial,8,20/12/2023,03:16:20,7,12.11,13.92
artificial,8,20/12/2023,03:16:20,8,12.11,13.89
artificial,8,20/12/2023,03:16:20,9,,14.27
artificial,8,20/12/2023,03:16:20,10,12.24,14.22
artificial,13,22/12/2023,00:59:15,1,13.05,
artificial,13,22/12/2023,00:59:15,2,13.06,15.24
artificial,13,22/12/2023,00:59:15,3,,
artificial,13,22/12/2023,00:59:15,4,,
artificial,13,22/12/2023,00:59:15,5,,
artificial,13,22/12/2023,00:59:15,6,14.36,
artificial,13,22/12/2023,00:59:15,7,12.64,14.39
artificial,13,22/12/2023,00:59:15,8,12.36,14.02
artificial,13,22/12/2023,00:59:15,9,,
artificial,13,22/12/2023,00:59:15,10,12.58,14.63
artificial,6,26/12/2023,01:33:28,1,12.88,15.05
artificial,6,26/12/2023,01:33:28,2,12.84,15.01
artificial,6,26/12/2023,01:33:28,3,,
artificial,6,26/12/2023,01:33:28,4,,
artificial,6,26/12/2023,01:33:28,5,14.36,
artificial,6,26/12/2023,01:33:28,6,14.04,
artificial,6,26/12/2023,01:33:28,7,12.14,13.85
artificial,6,26/12/2023,01:33:28,8,12.1,13.77
artificial,6,26/12/2023,01:33:28,9,,
artificial,6,26/12/2023,01:33:28,10,12.34,14.2
artificial,1,29/12/2023,01:39:18,1,12.73,15.25
artificial,1,29/12/2023,01:39:18,2,12.7,15.21
artificial,1,29/12/2023,01:39:18,3,,
artificial,1,29/12/2023,01:39:18,4,,
artificial,1,29/12/2023,01:39:18,5,,
artificial,1,29/12/2023,01:39:18,6,14.07,
artificial,1,29/12/2023,01:39:18,7,12.09,13.96
artificial,1,29/12/2023,01:39:18,8,12.0,
artificial,1,29/12/2023,01:39:18,9,12.14,
artificial,1,29/12/2023,01:39:18,10,12.18,
eqnet,65,01/10/2023,00:23:05,1,,
eqnet,65,01/10/2023,00:23:05,2,,
eqnet,65,01/10/2023,00:23:05,3,,
eqnet,65,01/10/2023,00:23:05,4,,
eqnet,65,01/10/2023,00:23:05,5,11.95,13.26
eqnet,65,01/10/2023,00:23:05,6,11.84,13.06
eqnet,65,01/10/2023,00:23:05,7,13.16,15.44
eqnet,65,01/10/2023,00:23:05,8,12.62,15.26
eqnet,65,01/10/2023,00:23:05,9,,16.5
eqnet,65,01/10/2023,00:23:05,10,,16.42
eqnet,203,01/10/2023,02:43:06,1,,
eqnet,203,01/10/2023,02:43:06,2,,
eqnet,203,01/10/2023,02:43:06,3,,
eqnet,203,01/10/2023,02:43:06,4,,
eqnet,203,01/10/2023,02:43:06,5,11.59,12.75
eqnet,203,01/10/2023,02:43:06,6,11.49,12.58
eqnet,203,01/10/2023,02:43:06,7,13.39,15.85
eqnet,203,01/10/2023,02:43:06,8,13.27,15.79
eqnet,203,01/10/2023,02:43:06,9,,
eqnet,203,01/10/2023,02:43:06,10,,
eqnet,167,01/10/2023,15:13:18,1,,18.29
eqnet,167,01/10/2023,15:13:18,2,14.72,18.04
eqnet,167,01/10/2023,15:13:18,3,,
eqnet,167,01/10/2023,15:13:18,4,,
eqnet,167,01/10/2023,15:13:18,5,11.78,13.08
eqnet,167,01/10/2023,15:13:18,6,11.67,12.89
eqnet,167,01/10/2023,15:13:18,7,13.03,15.25
eqnet,167,01/10/2023,15:13:18,8,12.95,15.09
eqnet,167,01/10/2023,15:13:18,9,,16.33
eqnet,167,01/10/2023,15:13:18,10,,16.23
eqnet,232,01/10/2023,23:08:44,1,,21.58
eqnet,232,01/10/2023,23:08:44,2,,21.51
eqnet,232,01/10/2023,23:08:44,3,,
eqnet,232,01/10/2023,23:08:44,4,,
eqnet,232,01/10/2023,23:08:44,5,13.39,15.85
eqnet,232,01/10/2023,23:08:44,6,13.29,15.7
eqnet,232,01/10/2023,23:08:44,7,14.85,18.49
eqnet,232,01/10/2023,23:08:44,8,14.84,18.36
eqnet,232,01/10/2023,23:08:44,9,,19.7
eqnet,232,01/10/2023,23:08:44,10,,19.66
eqnet,26,03/10/2023,02:14:05,1,,18.31
eqnet,26,03/10/2023,02:14:05,2,14.76,18.18
eqnet,26,03/10/2023,02:14:05,3,,
eqnet,26,03/10/2023,02:14:05,4,,
eqnet,26,03/10/2023,02:14:05,5,11.8,13.11
eqnet,26,03/10/2023,02:14:05,6,11.68,12.92
eqnet,26,03/10/2023,02:14:05,7,13.04,15.27
eqnet,26,03/10/2023,02:14:05,9,,16.35
eqnet,26,03/10/2023,02:14:05,10,,16.26
eqnet,158,03/10/2023,14:49:33,1,,15.58
eqnet,158,03/10/2023,14:49:33,2,13.19,15.5
eqnet,158,03/10/2023,14:49:33,3,,
eqnet,158,03/10/2023,14:49:33,4,,
eqnet,158,03/10/2023,14:49:33,5,11.8,13.16
eqnet,158,03/10/2023,14:49:33,6,11.72,13.0
eqnet,158,03/10/2023,14:49:33,7,11.9,13.06
eqnet,158,03/10/2023,14:49:33,9,,13.73
eqnet,158,03/10/2023,14:49:33,10,,13.63
eqnet,41,04/10/2023,01:00:28,1,12.89,15.1
eqnet,41,04/10/2023,01:00:28,2,12.87,15.06
eqnet,41,04/10/2023,01:00:28,3,,
eqnet,41,04/10/2023,01:00:28,4,,
eqnet,41,04/10/2023,01:00:28,5,,
eqnet,41,04/10/2023,01:00:28,6,14.08,
eqnet,41,04/10/2023,01:00:28,7,11.82,13.91
eqnet,41,04/10/2023,01:00:28,9,,
eqnet,41,04/10/2023,01:00:28,10,12.4,14.31
eqnet,131,04/10/2023,03:08:34,1,12.63,14.92
eqnet,131,04/10/2023,03:08:34,2,12.56,14.71
eqnet,131,04/10/2023,03:08:34,3,,
eqnet,131,04/10/2023,03:08:34,4,,
eqnet,131,04/10/2023,03:08:34,5,,
eqnet,131,04/10/2023,03:08:34,6,14.12,17.47
eqnet,131,04/10/2023,03:08:34,7,12.08,13.95
eqnet,131,04/10/2023,03:08:34,8,12.05,13.83
eqnet,131,04/10/2023,03:08:34,9,,
eqnet,131,04/10/2023,03:08:34,10,12.26,14.1
eqnet,111,04/10/2023,23:44:29,1,13.03,15.21
eqnet,111,04/10/2023,23:44:29,2,12.99,15.15
eqnet,111,04/10/2023,23:44:29,3,,
eqnet,111,04/10/2023,23:44:29,4,,
eqnet,111,04/10/2023,23:44:29,5,12.0,13.46
eqnet,111,04/10/2023,23:44:29,6,11.91,13.35
eqnet,111,04/10/2023,23:44:29,7,12.86,
eqnet,111,04/10/2023,23:44:29,8,12.71,14.7
eqnet,111,04/10/2023,23:44:29,9,,
eqnet,111,04/10/2023,23:44:29,10,,
eqnet,141,05/10/2023,01:13:09,1,14.83,18.26
eqnet,141,05/10/2023,01:13:09,2,14.58,18.17
eqnet,141,05/10/2023,01:13:09,3,,
eqnet,141,05/10/2023,01:13:09,4,,
eqnet,141,05/10/2023,01:13:09,5,12.15,13.73
eqnet,141,05/10/2023,01:13:09,6,12.05,13.53
eqnet,141,05/10/2023,01:13:09,7,12.93,15.09
eqnet,141,05/10/2023,01:13:09,8,12.88,14.97
eqnet,141,05/10/2023,01:13:09,9,,
eqnet,141,05/10/2023,01:13:09,10,,
eqnet,78,05/10/2023,03:25:19,1,12.76,
eqnet,78,05/10/2023,03:25:19,2,12.77,14.92
eqnet,78,05/10/2023,03:25:19,3,,
eqnet,78,05/10/2023,03:25:19,4,,
eqnet,78,05/10/2023,03:25:19,5,,
eqnet,78,05/10/2023,03:25:19,6,,
eqnet,78,05/10/2023,03:25:19,7,12.29,14.13
eqnet,78,05/10/2023,03:25:19,8,12.25,14.02
eqnet,78,05/10/2023,03:25:19,9,,
eqnet,78,05/10/2023,03:25:19,10,,
eqnet,179,06/10/2023,01:01:34,1,13.08,15.49
eqnet,179,06/10/2023,01:01:34,2,13.15,15.44
eqnet,179,06/10/2023,01:01:34,3,13.31,15.73
eqnet,179,06/10/2023,01:01:34,4,13.29,15.55
eqnet,179,06/10/2023,01:01:34,5,,
eqnet,179,06/10/2023,01:01:34,6,14.98,18.66
eqnet,179,06/10/2023,01:01:34,7,14.22,17.29
eqnet,179,06/10/2023,01:01:34,8,14.14,17.19
eqnet,179,06/10/2023,01:01:34,9,,15.92
eqnet,179,06/10/2023,01:01:34,10,13.44,15.85
eqnet,37,06/10/2023,02:59:17,1,13.04,15.36
eqnet,37,06/10/2023,02:59:17,2,13.07,15.18
eqnet,37,06/10/2023,02:59:17,3,,
eqnet,37,06/10/2023,02:59:17,4,,
eqnet,37,06/10/2023,02:59:17,5,,
eqnet,37,06/10/2023,02:59:17,6,,
eqnet,37,06/10/2023,02:59:17,7,12.53,14.38
eqnet,37,06/10/2023,02:59:17,8,12.53,14.28
eqnet,37,06/10/2023,02:59:17,9,12.86,
eqnet,37,06/10/2023,02:59:17,10,12.66,14.55
eqnet,206,06/10/2023,09:30:35,1,12.72,14.5
eqnet,206,06/10/2023,09:30:35,2,12.65,14.37
eqnet,206,06/10/2023,09:30:35,3,15.74,19.62
eqnet,206,06/10/2023,09:30:35,4,15.65,19.56
eqnet,206,06/10/2023,09:30:35,5,13.7,16.52
eqnet,206,06/10/2023,09:30:35,6,13.61,16.33
eqnet,206,06/10/2023,09:30:35,7,12.61,14.39
eqnet,206,06/10/2023,09:30:35,8,12.5,14.26
eqnet,206,06/10/2023,09:30:35,9,12.52,13.94
eqnet,206,06/10/2023,09:30:35,10,12.4,13.77
eqnet,95,07/10/2023,06:26:05,1,,18.3
eqnet,95,07/10/2023,06:26:05,2,14.78,18.15
eqnet,95,07/10/2023,06:26:05,3,,
eqnet,95,07/10/2023,06:26:05,4,,
eqnet,95,07/10/2023,06:26:05,5,11.77,13.09
eqnet,95,07/10/2023,06:26:05,6,11.66,12.9
eqnet,95,07/10/2023,06:26:05,7,13.02,15.26
eqnet,95,07/10/2023,06:26:05,8,12.97,15.11
eqnet,95,07/10/2023,06:26:05,9,,16.37
eqnet,95,07/10/2023,06:26:05,10,,16.24
eqnet,88,08/10/2023,12:42:51,1,14.28,17.37
eqnet,88,08/10/2023,12:42:51,2,14.27,17.31
eqnet,88,08/10/2023,12:42:51,3,,
eqnet,88,08/10/2023,12:42:51,4,,
eqnet,88,08/10/2023,12:42:51,5,11.71,13.08
eqnet,88,08/10/2023,12:42:51,6,11.64,12.86
eqnet,88,08/10/2023,12:42:51,7,12.17,13.74
eqnet,88,08/10/2023,12:42:51,8,12.1,13.67
eqnet,88,08/10/2023,12:42:51,9,13.09,15.31
eqnet,88,08/10/2023,12:42:51,10,13.03,15.24
eqnet,33,08/10/2023,16:07:15,1,,
eqnet,33,08/10/2023,16:07:15,2,,
eqnet,33,08/10/2023,16:07:15,3,,
eqnet,33,08/10/2023,16:07:15,4,,
eqnet,33,08/10/2023,16:07:15,5,11.44,12.51
eqnet,33,08/10/2023,16:07:15,6,11.34,12.31
eqnet,33,08/10/2023,16:07:15,7,12.81,14.87
eqnet,33,08/10/2023,16:07:15,8,12.72,14.71
eqnet,33,08/10/2023,16:07:15,9,,
eqnet,33,08/10/2023,16:07:15,10,,
eqnet,184,10/10/2023,01:00:16,1,12.71,14.88
eqnet,184,10/10/2023,01:00:16,2,12.78,14.92
eqnet,184,10/10/2023,01:00:16,3,,
eqnet,184,10/10/2023,01:00:16,4,,
eqnet,184,10/10/2023,01:00:16,5,14.16,
eqnet,184,10/10/2023,01:00:16,6,14.03,
eqnet,184,10/10/2023,01:00:16,7,12.01,14.19
eqnet,184,10/10/2023,01:00:16,8,12.01,14.03
eqnet,184,10/10/2023,01:00:16,9,12.3,
eqnet,184,10/10/2023,01:00:16,10,12.29,14.24
eqnet,68,10/10/2023,03:20:19,1,12.72,15.16
eqnet,68,10/10/2023,03:20:19,2,12.66,14.87
eqnet,68,10/10/2023,03:20:19,3,,
eqnet,68,10/10/2023,03:20:19,4,,
eqnet,68,10/10/2023,03:20:19,5,,
eqnet,68,10/10/2023,03:20:19,6,14.22,
eqnet,68,10/10/2023,03:20:19,7,12.16,14.1
eqnet,68,10/10/2023,03:20:19,8,12.13,13.9
eqnet,68,10/10/2023,03:20:19,9,,
eqnet,68,10/10/2023,03:20:19,10,12.3,14.23
eqnet,150,11/10/2023,02:59:31,1,12.75,14.96
eqnet,150,11/10/2023,02:59:31,2,12.7,14.77
eqnet,150,11/10/2023,02:59:31,3,,
eqnet,150,11/10/2023,02:59:31,4,,
eqnet,150,11/10/2023,02:59:31,5,,
eqnet,150,11/10/2023,02:59:31,6,14.2,16.96
eqnet,150,11/10/2023,02:59:31,7,12.19,13.96
eqnet,150,11/10/2023,02:59:31,8,12.17,13.9
eqnet,150,11/10/2023,02:59:31,9,12.56,14.42
eqnet,150,11/10/2023,02:59:31,10,12.34,14.19
eqnet,205,12/10/2023,03:06:25,1,,14.01
eqnet,205,12/10/2023,03:06:25,2,12.26,13.89
eqnet,205,12/10/2023,03:06:25,3,,
eqnet,205,12/10/2023,03:06:25,4,,
eqnet,205,12/10/2023,03:06:25,5,13.65,16.3
eqnet,205,12/10/2023,03:06:25,6,13.53,16.13
eqnet,205,12/10/2023,03:06:25,7,12.37,13.97
eqnet,205,12/10/2023,03:06:25,8,12.29,13.84
eqnet,205,12/10/2023,03:06:25,9,11.97,13.38
eqnet,205,12/10/2023,03:06:25,10,11.91,13.26
eqnet,47,12/10/2023,03:32:59,1,12.64,14.83
eqnet,47,12/10/2023,03:32:59,2,12.61,14.7
eqnet,47,12/10/2023,03:32:59,3,,
eqnet,47,12/10/2023,03:32:59,4,,
eqnet,47,12/10/2023,03:32:59,5,14.24,
eqnet,47,12/10/2023,03:32:59,6,14.13,
eqnet,47,12/10/2023,03:32:59,7,12.08,13.84
eqnet,47,12/10/2023,03:32:59,8,12.11,13.79
eqnet,47,12/10/2023,03:32:59,9,,
eqnet,47,12/10/2023,03:32:59,10,12.22,14.17
eqnet,200,12/10/2023,08:33:06,1,14.19,17.36
eqnet,200,12/10/2023,08:33:06,2,14.18,17.1
eqnet,200,12/10/2023,08:33:06,3,20.0,
eqnet,200,12/10/2023,08:33:06,4,19.81,
eqnet,200,12/10/2023,08:33:06,5,10.68,11.35
eqnet,200,12/10/2023,08:33:06,6,10.63,11.02
eqnet,200,12/10/2023,08:33:06,7,12.17,13.69
eqnet,200,12/10/2023,08:33:06,8,12.12,13.62
eqnet,200,12/10/2023,08:33:06,9,12.97,15.1
eqnet,200,12/10/2023,08:33:06,10,12.93,15.14
eqnet,46,13/10/2023,01:49:55,1,12.53,14.33
eqnet,46,13/10/2023,01:49:55,2,12.47,14.21
eqnet,46,13/10/2023,01:49:55,3,,
eqnet,46,13/10/2023,01:49:55,4,,
eqnet,46,13/10/2023,01:49:55,5,,16.79
eqnet,46,13/10/2023,01:49:55,6,,16.58
eqnet,46,13/10/2023,01:49:55,7,12.62,
eqnet,46,13/10/2023,01:49:55,8,12.56,14.36
eqnet,46,13/10/2023,01:49:55,9,12.06,13.9
eqnet,46,13/10/2023,01:49:55,10,11.97,13.74
eqnet,171,13/10/2023,02:59:48,1,13.09,15.45
eqnet,171,13/10/2023,02:59:48,2,13.15,15.3
eqnet,171,13/10/2023,02:59:48,3,,
eqnet,171,13/10/2023,02:59:48,4,,
eqnet,171,13/10/2023,02:59:48,5,,
eqnet,171,13/10/2023,02:59:48,6,,
eqnet,171,13/10/2023,02:59:48,7,12.62,14.44
eqnet,171,13/10/2023,02:59:48,8,12.61,14.38
eqnet,171,13/10/2023,02:59:48,9,,
eqnet,171,13/10/2023,02:59:48,10,12.83,14.74
eqnet,16,13/10/2023,08:16:26,1,14.27,17.42
eqnet,16,13/10/2023,08:16:26,2,14.24,17.33
eqnet,16,13/10/2023,08:16:26,3,,
eqnet,16,13/10/2023,08:16:26,4,,
eqnet,16,13/10/2023,08:16:26,5,11.88,13.22
eqnet,16,13/10/2023,08:16:26,6,11.77,13.05
eqnet,16,13/10/2023,08:16:26,7,12.77,14.85
eqnet,16,13/10/2023,08:16:26,8,12.7,14.63
eqnet,16,13/10/2023,08:16:26,9,,
eqnet,16,13/10/2023,08:16:26,10,,
eqnet,64,13/10/2023,18:48:02,1,12.18,13.72
eqnet,64,13/10/2023,18:48:02,2,12.13,13.62
eqnet,64,13/10/2023,18:48:02,3,,
eqnet,64,13/10/2023,18:48:02,4,,
eqnet,64,13/10/2023,18:48:02,5,,16.58
eqnet,64,13/10/2023,18:48:02,6,,16.42
eqnet,64,13/10/2023,18:48:02,7,13.13,14.07
eqnet,64,13/10/2023,18:48:02,8,13.12,13.87
eqnet,64,13/10/2023,18:48:02,9,11.92,13.3
eqnet,64,13/10/2023,18:48:02,10,11.87,13.14
eqnet,76,13/10/2023,22:18:20,1,,17.31
eqnet,76,13/10/2023,22:18:20,2,14.21,17.25
eqnet,76,13/10/2023,22:18:20,3,,
eqnet,76,13/10/2023,22:18:20,4,,
eqnet,76,13/10/2023,22:18:20,5,11.82,13.17
eqnet,76,13/10/2023,22:18:20,6,11.72,12.99
eqnet,76,13/10/2023,22:18:20,7,12.73,14.69
eqnet,76,13/10/2023,22:18:20,8,12.65,14.58
eqnet,76,13/10/2023,22:18:20,9,,
eqnet,76,13/10/2023,22:18:20,10,,
eqnet,182,14/10/2023,03:47:37,1,14.23,17.38
eqnet,182,14/10/2023,03:47:37,2,14.24,17.31
eqnet,182,14/10/2023,03:47:37,3,,
eqnet,182,14/10/2023,03:47:37,4,,
eqnet,182,14/10/2023,03:47:37,5,11.85,13.22
eqnet,182,14/10/2023,03:47:37,6,11.75,13.02
eqnet,182,14/10/2023,03:47:37,7,12.73,14.76
eqnet,182,14/10/2023,03:47:37,8,12.69,14.61
eqnet,182,14/10/2023,03:47:37,9,,
eqnet,182,14/10/2023,03:47:37,10,,
eqnet,123,14/10/2023,05:46:55,1,,17.4
eqnet,123,14/10/2023,05:46:55,2,14.27,17.31
eqnet,123,14/10/2023,05:46:55,3,,
eqnet,123,14/10/2023,05:46:55,4,,
eqnet,123,14/10/2023,05:46:55,5,,
eqnet,123,14/10/2023,05:46:55,6,11.77,13.06
eqnet,123,14/10/2023,05:46:55,7,12.77,14.87
eqnet,123,14/10/2023,05:46:55,8,12.7,14.65
eqnet,123,14/10/2023,05:46:55,9,,15.56
eqnet,123,14/10/2023,05:46:55,10,13.16,15.5
eqnet,96,14/10/2023,10:35:58,1,14.32,17.44
eqnet,96,14/10/2023,10:35:58,2,14.28,17.31
eqnet,96,14/10/2023,10:35:58,3,,
eqnet,96,14/10/2023,10:35:58,4,,
eqnet,96,14/10/2023,10:35:58,5,11.88,13.23
eqnet,96,14/10/2023,10:35:58,6,11.77,13.04
eqnet,96,14/10/2023,10:35:58,7,12.77,14.75
eqnet,96,14/10/2023,10:35:58,8,12.67,14.65
eqnet,96,14/10/2023,10:35:58,9,,
eqnet,96,14/10/2023,10:35:58,10,,
eqnet,19,14/10/2023,10:39:23,1,14.24,17.4
eqnet,19,14/10/2023,10:39:23,2,14.24,17.31
eqnet,19,14/10/2023,10:39:23,3,,
eqnet,19,14/10/2023,10:39:23,4,,
eqnet,19,14/10/2023,10:39:23,5,11.87,13.23
eqnet,19,14/10/2023,10:39:23,6,11.76,13.03
eqnet,19,14/10/2023,10:39:23,7,12.75,14.76
eqnet,19,14/10/2023,10:39:23,8,12.68,14.64
eqnet,19,14/10/2023,10:39:23,9,,
eqnet,19,14/10/2023,10:39:23,10,,
eqnet,74,14/10/2023,17:40:09,1,,
eqnet,74,14/10/2023,17:40:09,2,14.17,
eqnet,74,14/10/2023,17:40:09,3,,
eqnet,74,14/10/2023,17:40:09,4,,
eqnet,74,14/10/2023,17:40:09,5,11.83,13.16
eqnet,74,14/10/2023,17:40:09,6,11.71,12.98
eqnet,74,14/10/2023,17:40:09,7,12.74,14.73
eqnet,74,14/10/2023,17:40:09,8,12.66,14.58
eqnet,74,14/10/2023,17:40:09,9,,
eqnet,74,14/10/2023,17:40:09,10,,
eqnet,91,15/10/2023,17:11:54,1,14.45,17.71
eqnet,91,15/10/2023,17:11:54,2,14.42,17.62
eqnet,91,15/10/2023,17:11:54,3,,
eqnet,91,15/10/2023,17:11:54,4,,
eqnet,91,15/10/2023,17:11:54,5,12.21,13.85
eqnet,91,15/10/2023,17:11:54,6,12.12,13.65
eqnet,91,15/10/2023,17:11:54,7,12.91,15.04
eqnet,91,15/10/2023,17:11:54,8,12.81,14.87
eqnet,91,15/10/2023,17:11:54,9,,15.94
eqnet,91,15/10/2023,17:11:54,10,,15.83
eqnet,124,16/10/2023,02:59:26,1,12.78,14.93
eqnet,124,16/10/2023,02:59:26,2,12.71,14.84
eqnet,124,16/10/2023,02:59:26,3,,
eqnet,124,16/10/2023,02:59:26,4,,
eqnet,124,16/10/2023,02:59:26,5,,
eqnet,124,16/10/2023,02:59:26,6,,
eqnet,124,16/10/2023,02:59:26,7,12.21,13.97
eqnet,124,16/10/2023,02:59:26,8,12.12,13.94
eqnet,124,16/10/2023,02:59:26,9,12.52,14.4
eqnet,124,16/10/2023,02:59:26,10,12.36,14.27
eqnet,117,16/10/2023,19:32:21,1,12.02,13.78
eqnet,117,16/10/2023,19:32:21,2,11.98,13.66
eqnet,117,16/10/2023,19:32:21,3,,
eqnet,117,16/10/2023,19:32:21,4,,
eqnet,117,16/10/2023,19:32:21,5,13.41,16.24
eqnet,117,16/10/2023,19:32:21,6,,16.05
eqnet,117,16/10/2023,19:32:21,7,13.96,15.72
eqnet,117,16/10/2023,19:32:21,8,13.82,15.68
eqnet,117,16/10/2023,19:32:21,9,,
eqnet,117,16/10/2023,19:32:21,10,,
eqnet,228,17/10/2023,03:13:49,1,12.75,14.86
eqnet,228,17/10/2023,03:13:49,2,12.76,14.85
eqnet,228,17/10/2023,03:13:49,3,,
eqnet,228,17/10/2023,03:13:49,4,,
eqnet,228,17/10/2023,03:13:49,5,,
eqnet,228,17/10/2023,03:13:49,6,,
eqnet,228,17/10/2023,03:13:49,7,12.29,14.06
eqnet,228,17/10/2023,03:13:49,8,12.25,13.98
eqnet,228,17/10/2023,03:13:49,9,,
eqnet,228,17/10/2023,03:13:49,10,12.39,14.25
eqnet,137,17/10/2023,03:27:44,1,13.04,15.25
eqnet,137,17/10/2023,03:27:44,2,13.04,15.16
eqnet,137,17/10/2023,03:27:44,3,,
eqnet,137,17/10/2023,03:27:44,4,,
eqnet,137,17/10/2023,03:27:44,5,,
eqnet,137,17/10/2023,03:27:44,6,,
eqnet,137,17/10/2023,03:27:44,7,,14.48
eqnet,137,17/10/2023,03:27:44,8,12.52,14.29
eqnet,137,17/10/2023,03:27:44,9,12.69,14.69
eqnet,137,17/10/2023,03:27:44,10,12.66,14.57
eqnet,151,17/10/2023,18:16:49,1,13.93,16.84
eqnet,151,17/10/2023,18:16:49,2,13.93,
eqnet,151,17/10/2023,18:16:49,3,,
eqnet,151,17/10/2023,18:16:49,4,,
eqnet,151,17/10/2023,18:16:49,5,11.91,13.27
eqnet,151,17/10/2023,18:16:49,6,11.81,13.11
eqnet,151,17/10/2023,18:16:49,7,12.06,13.57
eqnet,151,17/10/2023,18:16:49,8,11.95,13.43
eqnet,151,17/10/2023,18:16:49,9,,
eqnet,151,17/10/2023,18:16:49,10,,14.81
eqnet,98,18/10/2023,03:29:16,1,12.67,14.75
eqnet,98,18/10/2023,03:29:16,2,12.59,14.75
eqnet,98,18/10/2023,03:29:16,3,,
eqnet,98,18/10/2023,03:29:16,4,,
eqnet,98,18/10/2023,03:29:16,5,14.27,
eqnet,98,18/10/2023,03:29:16,6,14.16,17.4
eqnet,98,18/10/2023,03:29:16,7,12.14,14.12
eqnet,98,18/10/2023,03:29:16,8,,
eqnet,98,18/10/2023,03:29:16,9,,
eqnet,98,18/10/2023,03:29:16,10,12.29,14.1
eqnet,239,18/10/2023,09:33:47,1,12.38,14.18
eqnet,239,18/10/2023,09:33:47,2,12.41,14.08
eqnet,239,18/10/2023,09:33:47,3,,
eqnet,239,18/10/2023,09:33:47,4,,
eqnet,239,18/10/2023,09:33:47,5,13.74,16.5
eqnet,239,18/10/2023,09:33:47,6,13.66,16.31
eqnet,239,18/10/2023,09:33:47,7,14.29,16.27
eqnet,239,18/10/2023,09:33:47,9,,13.66
eqnet,239,18/10/2023,09:33:47,10,,13.49
eqnet,84,19/10/2023,02:59:02,1,12.82,15.09
eqnet,84,19/10/2023,02:59:02,2,12.8,15.04
eqnet,84,19/10/2023,02:59:02,3,,
eqnet,84,19/10/2023,02:59:02,4,,
eqnet,84,19/10/2023,02:59:02,5,,
eqnet,84,19/10/2023,02:59:02,6,,
eqnet,84,19/10/2023,02:59:02,7,12.32,14.05
eqnet,84,19/10/2023,02:59:02,8,12.24,13.95
eqnet,84,19/10/2023,02:59:02,9,,
eqnet,84,19/10/2023,02:59:02,10,12.26,14.26
eqnet,115,20/10/2023,02:58:05,1,12.73,14.82
eqnet,115,20/10/2023,02:58:05,2,12.54,14.57
eqnet,115,20/10/2023,02:58:05,3,,
eqnet,115,20/10/2023,02:58:05,4,,
eqnet,115,20/10/2023,02:58:05,5,,
eqnet,115,20/10/2023,02:58:05,6,14.18,17.41
eqnet,115,20/10/2023,02:58:05,7,12.11,13.89
eqnet,115,20/10/2023,02:58:05,8,12.08,13.83
eqnet,115,20/10/2023,02:58:05,9,,
eqnet,115,20/10/2023,02:58:05,10,,
eqnet,103,20/10/2023,04:17:35,1,12.33,14.07
eqnet,103,20/10/2023,04:17:35,2,12.28,13.95
eqnet,103,20/10/2023,04:17:35,3,,19.31
eqnet,103,20/10/2023,04:17:35,4,,19.22
eqnet,103,20/10/2023,04:17:35,5,,16.14
eqnet,103,20/10/2023,04:17:35,6,13.46,16.05
eqnet,103,20/10/2023,04:17:35,7,,14.04
eqnet,103,20/10/2023,04:17:35,8,,13.85
eqnet,103,20/10/2023,04:17:35,9,,13.42
eqnet,103,20/10/2023,04:17:35,10,,13.32
eqnet,40,22/10/2023,05:23:06,1,,17.53
eqnet,40,22/10/2023,05:23:06,2,14.05,17.49
eqnet,40,22/10/2023,05:23:06,3,,
eqnet,40,22/10/2023,05:23:06,4,,
eqnet,40,22/10/2023,05:23:06,5,,
eqnet,40,22/10/2023,05:23:06,6,17.19,22.79
eqnet,40,22/10/2023,05:23:06,7,15.92,20.73
eqnet,40,22/10/2023,05:23:06,8,15.8,20.64
eqnet,40,22/10/2023,05:23:06,9,,19.04
eqnet,40,22/10/2023,05:23:06,10,,18.97
eqnet,223,22/10/2023,08:05:01,1,14.72,18.22
eqnet,223,22/10/2023,08:05:01,2,14.71,18.13
eqnet,223,22/10/2023,08:05:01,3,,
eqnet,223,22/10/2023,08:05:01,4,,
eqnet,223,22/10/2023,08:05:01,5,11.75,13.06
eqnet,223,22/10/2023,08:05:01,6,11.64,12.87
eqnet,223,22/10/2023,08:05:01,7,13.0,15.23
eqnet,223,22/10/2023,08:05:01,8,12.93,15.04
eqnet,223,22/10/2023,08:05:01,9,13.69,16.28
eqnet,223,22/10/2023,08:05:01,10,13.62,16.22
eqnet,93,23/10/2023,00:28:52,1,12.95,
eqnet,93,23/10/2023,00:28:52,2,13.01,15.18
eqnet,93,23/10/2023,00:28:52,3,,
eqnet,93,23/10/2023,00:28:52,4,,
eqnet,93,23/10/2023,00:28:52,5,,
eqnet,93,23/10/2023,00:28:52,6,14.27,
eqnet,93,23/10/2023,00:28:52,7,12.44,14.1
eqnet,93,23/10/2023,00:28:52,8,12.28,13.96
eqnet,93,23/10/2023,00:28:52,9,12.53,15.06
eqnet,93,23/10/2023,00:28:52,10,12.5,
eqnet,69,23/10/2023,03:38:33,1,12.54,14.71
eqnet,69,23/10/2023,03:38:33,2,12.59,14.74
eqnet,69,23/10/2023,03:38:33,3,,
eqnet,69,23/10/2023,03:38:33,4,,
eqnet,69,23/10/2023,03:38:33,5,,
eqnet,69,23/10/2023,03:38:33,6,,
eqnet,69,23/10/2023,03:38:33,7,12.07,13.83
eqnet,69,23/10/2023,03:38:33,8,12.0,13.81
eqnet,69,23/10/2023,03:38:33,9,,
eqnet,69,23/10/2023,03:38:33,10,,14.18
eqnet,54,24/10/2023,02:59:50,1,12.63,14.95
eqnet,54,24/10/2023,02:59:50,2,12.64,14.75
eqnet,54,24/10/2023,02:59:50,3,,
eqnet,54,24/10/2023,02:59:50,4,,
eqnet,54,24/10/2023,02:59:50,5,,
eqnet,54,24/10/2023,02:59:50,6,14.18,
eqnet,54,24/10/2023,02:59:50,7,12.15,13.91
eqnet,54,24/10/2023,02:59:50,8,12.13,13.83
eqnet,54,24/10/2023,02:59:50,9,,
eqnet,54,24/10/2023,02:59:50,10,12.19,14.17
eqnet,194,24/10/2023,03:08:08,1,12.51,14.77
eqnet,194,24/10/2023,03:08:08,2,12.58,14.75
eqnet,194,24/10/2023,03:08:08,3,,
eqnet,194,24/10/2023,03:08:08,4,,
eqnet,194,24/10/2023,03:08:08,5,,
eqnet,194,24/10/2023,03:08:08,6,,
eqnet,194,24/10/2023,03:08:08,7,12.15,13.91
eqnet,194,24/10/2023,03:08:08,8,12.08,13.82
eqnet,194,24/10/2023,03:08:08,9,,
eqnet,194,24/10/2023,03:08:08,10,12.83,14.16
eqnet,6,24/10/2023,10:28:33,1,14.63,18.03
eqnet,6,24/10/2023,10:28:33,2,14.6,17.91
eqnet,6,24/10/2023,10:28:33,3,,
eqnet,6,24/10/2023,10:28:33,4,,
eqnet,6,24/10/2023,10:28:33,5,12.3,14.02
eqnet,6,24/10/2023,10:28:33,6,12.2,13.79
eqnet,6,24/10/2023,10:28:33,7,12.77,14.79
eqnet,6,24/10/2023,10:28:33,8,12.68,14.65
eqnet,6,24/10/2023,10:28:33,9,13.51,16.09
eqnet,6,24/10/2023,10:28:33,10,13.48,16.03
eqnet,192,25/10/2023,09:46:39,1,,18.29
eqnet,192,25/10/2023,09:46:39,2,,18.19
eqnet,192,25/10/2023,09:46:39,3,,
eqnet,192,25/10/2023,09:46:39,4,,
eqnet,192,25/10/2023,09:46:39,5,11.74,13.07
eqnet,192,25/10/2023,09:46:39,6,11.66,12.87
eqnet,192,25/10/2023,09:46:39,7,,15.27
eqnet,192,25/10/2023,09:46:39,8,,15.1
eqnet,192,25/10/2023,09:46:39,9,,
eqnet,192,25/10/2023,09:46:39,10,,16.28
eqnet,85,25/10/2023,13:43:55,1,,15.88
eqnet,85,25/10/2023,13:43:55,2,14.33,15.79
eqnet,85,25/10/2023,13:43:55,3,,
eqnet,85,25/10/2023,13:43:55,4,,
eqnet,85,25/10/2023,13:43:55,5,12.14,14.15
eqnet,85,25/10/2023,13:43:55,6,12.06,13.96
eqnet,85,25/10/2023,13:43:55,7,12.36,14.45
eqnet,85,25/10/2023,13:43:55,8,12.31,14.35
eqnet,85,25/10/2023,13:43:55,9,,
eqnet,85,25/10/2023,13:43:55,10,,
eqnet,188,26/10/2023,01:26:40,1,12.95,15.16
eqnet,188,26/10/2023,01:26:40,2,12.9,15.03
eqnet,188,26/10/2023,01:26:40,3,,
eqnet,188,26/10/2023,01:26:40,4,,
eqnet,188,26/10/2023,01:26:40,5,,
eqnet,188,26/10/2023,01:26:40,6,,
eqnet,188,26/10/2023,01:26:40,7,12.29,14.01
eqnet,188,26/10/2023,01:26:40,8,12.19,13.9
eqnet,188,26/10/2023,01:26:40,9,,
eqnet,188,26/10/2023,01:26:40,10,,
eqnet,34,26/10/2023,03:22:25,1,12.49,14.88
eqnet,34,26/10/2023,03:22:25,2,12.67,14.77
eqnet,34,26/10/2023,03:22:25,3,,
eqnet,34,26/10/2023,03:22:25,4,,
eqnet,34,26/10/2023,03:22:25,5,14.24,
eqnet,34,26/10/2023,03:22:25,6,14.05,
eqnet,34,26/10/2023,03:22:25,7,12.15,14.08
eqnet,34,26/10/2023,03:22:25,8,12.15,13.84
eqnet,34,26/10/2023,03:22:25,9,,
eqnet,34,26/10/2023,03:22:25,10,,14.17
eqnet,87,26/10/2023,15:21:41,1,13.14,15.47
eqnet,87,26/10/2023,15:21:41,2,13.1,15.39
eqnet,87,26/10/2023,15:21:41,3,,
eqnet,87,26/10/2023,15:21:41,4,,
eqnet,87,26/10/2023,15:21:41,5,,
eqnet,87,26/10/2023,15:21:41,6,,15.5
eqnet,87,26/10/2023,15:21:41,7,12.32,13.95
eqnet,87,26/10/2023,15:21:41,8,12.22,13.79
eqnet,87,26/10/2023,15:21:41,9,,
eqnet,87,26/10/2023,15:21:41,10,,
eqnet,235,30/10/2023,01:53:33,1,12.82,15.62
eqnet,235,30/10/2023,01:53:33,2,12.79,15.03
eqnet,235,30/10/2023,01:53:33,3,,
eqnet,235,30/10/2023,01:53:33,4,,
eqnet,235,30/10/2023,01:53:33,5,,
eqnet,235,30/10/2023,01:53:33,6,14.24,
eqnet,235,30/10/2023,01:53:33,7,12.09,
eqnet,235,30/10/2023,01:53:33,8,12.09,13.74
eqnet,235,30/10/2023,01:53:33,9,12.37,
eqnet,235,30/10/2023,01:53:33,10,12.32,
eqnet,100,30/10/2023,02:59:26,1,11.1,12.16
eqnet,100,30/10/2023,02:59:26,2,11.13,
eqnet,100,30/10/2023,02:59:26,3,,
eqnet,100,30/10/2023,02:59:26,4,,
eqnet,100,30/10/2023,02:59:26,5,15.52,19.43
eqnet,100,30/10/2023,02:59:26,6,15.36,19.33
eqnet,100,30/10/2023,02:59:26,7,13.09,15.39
eqnet,100,30/10/2023,02:59:26,8,13.07,15.29
eqnet,100,30/10/2023,02:59:26,9,12.31,13.99
eqnet,100,30/10/2023,02:59:26,10,12.2,13.9
eqnet,136,30/10/2023,03:02:10,1,13.04,15.19
eqnet,136,30/10/2023,03:02:10,2,13.02,15.1
eqnet,136,30/10/2023,03:02:10,3,,
eqnet,136,30/10/2023,03:02:10,4,,
eqnet,136,30/10/2023,03:02:10,5,,
eqnet,136,30/10/2023,03:02:10,6,,
eqnet,136,30/10/2023,03:02:10,7,12.5,14.28
eqnet,136,30/10/2023,03:02:10,8,12.48,14.21
eqnet,136,30/10/2023,03:02:10,9,,
eqnet,136,30/10/2023,03:02:10,10,,14.55
eqnet,210,30/10/2023,07:53:35,1,14.73,18.44
eqnet,210,30/10/2023,07:53:35,2,14.78,18.48
eqnet,210,30/10/2023,07:53:35,3,,
eqnet,210,30/10/2023,07:53:35,4,,
eqnet,210,30/10/2023,07:53:35,5,16.51,19.69
eqnet,210,30/10/2023,07:53:35,6,16.42,19.5
eqnet,210,30/10/2023,07:53:35,7,14.61,18.21
eqnet,210,30/10/2023,07:53:35,8,14.56,17.93
eqnet,210,30/10/2023,07:53:35,9,14.82,18.53
eqnet,210,30/10/2023,07:53:35,10,14.73,18.52
eqnet,216,31/10/2023,03:02:47,1,12.8,15.05
eqnet,216,31/10/2023,03:02:47,2,12.74,14.94
eqnet,216,31/10/2023,03:02:47,3,,
eqnet,216,31/10/2023,03:02:47,4,,
eqnet,216,31/10/2023,03:02:47,5,,
eqnet,216,31/10/2023,03:02:47,6,14.32,17.67
eqnet,216,31/10/2023,03:02:47,7,12.37,14.13
eqnet,216,31/10/2023,03:02:47,8,12.33,14.0
eqnet,216,31/10/2023,03:02:47,9,,
eqnet,216,31/10/2023,03:02:47,10,,14.32
eqnet,160,01/11/2023,02:58:45,1,12.7,14.95
eqnet,160,01/11/2023,02:58:45,2,12.66,14.84
eqnet,160,01/11/2023,02:58:45,3,,
eqnet,160,01/11/2023,02:58:45,4,,
eqnet,160,01/11/2023,02:58:45,5,,
eqnet,160,01/11/2023,02:58:45,6,14.25,
eqnet,160,01/11/2023,02:58:45,7,12.18,14.03
eqnet,160,01/11/2023,02:58:45,8,12.11,13.85
eqnet,160,01/11/2023,02:58:45,9,,
eqnet,160,01/11/2023,02:58:45,10,12.27,14.18
eqnet,159,02/11/2023,03:00:28,1,12.33,14.53
eqnet,159,02/11/2023,03:00:28,2,12.54,14.4
eqnet,159,02/11/2023,03:00:28,3,,
eqnet,159,02/11/2023,03:00:28,4,,
eqnet,159,02/11/2023,03:00:28,5,,
eqnet,159,02/11/2023,03:00:28,6,14.0,17.13
eqnet,159,02/11/2023,03:00:28,7,11.92,13.57
eqnet,159,02/11/2023,03:00:28,8,,
eqnet,159,02/11/2023,03:00:28,9,,14.17
eqnet,159,02/11/2023,03:00:28,10,,13.82
eqnet,145,02/11/2023,12:37:00,1,13.74,16.71
eqnet,145,02/11/2023,12:37:00,2,13.89,16.61
eqnet,145,02/11/2023,12:37:00,3,,
eqnet,145,02/11/2023,12:37:00,4,,
eqnet,145,02/11/2023,12:37:00,5,11.37,12.61
eqnet,145,02/11/2023,12:37:00,6,11.27,12.4
eqnet,145,02/11/2023,12:37:00,7,12.28,13.38
eqnet,145,02/11/2023,12:37:00,8,12.02,13.19
eqnet,145,02/11/2023,12:37:00,9,,
eqnet,145,02/11/2023,12:37:00,10,,
eqnet,166,03/11/2023,02:59:29,1,13.03,15.19
eqnet,166,03/11/2023,02:59:29,2,13.0,15.14
eqnet,166,03/11/2023,02:59:29,3,,
eqnet,166,03/11/2023,02:59:29,4,,
eqnet,166,03/11/2023,02:59:29,5,,
eqnet,166,03/11/2023,02:59:29,6,14.63,17.88
eqnet,166,03/11/2023,02:59:29,7,12.71,14.34
eqnet,166,03/11/2023,02:59:29,8,12.55,14.24
eqnet,166,03/11/2023,02:59:29,9,,
eqnet,166,03/11/2023,02:59:29,10,,14.49
eqnet,224,03/11/2023,20:22:49,1,14.54,18.13
eqnet,224,03/11/2023,20:22:49,2,14.62,18.1
eqnet,224,03/11/2023,20:22:49,3,,
eqnet,224,03/11/2023,20:22:49,4,,
eqnet,224,03/11/2023,20:22:49,5,13.74,16.69
eqnet,224,03/11/2023,20:22:49,6,13.66,16.45
eqnet,224,03/11/2023,20:22:49,7,13.01,15.49
eqnet,224,03/11/2023,20:22:49,8,12.95,15.33
eqnet,224,03/11/2023,20:22:49,9,,
eqnet,224,03/11/2023,20:22:49,10,,
eqnet,20,04/11/2023,02:54:46,1,14.58,18.25
eqnet,20,04/11/2023,02:54:46,2,14.57,18.22
eqnet,20,04/11/2023,02:54:46,3,,
eqnet,20,04/11/2023,02:54:46,4,,
eqnet,20,04/11/2023,02:54:46,5,16.33,
eqnet,20,04/11/2023,02:54:46,6,16.29,
eqnet,20,04/11/2023,02:54:46,7,14.42,17.88
eqnet,20,04/11/2023,02:54:46,8,14.39,17.78
eqnet,20,04/11/2023,02:54:46,9,,
eqnet,20,04/11/2023,02:54:46,10,,
eqnet,8,04/11/2023,11:15:18,1,15.03,18.68
eqnet,8,04/11/2023,11:15:18,2,15.0,18.56
eqnet,8,04/11/2023,11:15:18,3,,
eqnet,8,04/11/2023,11:15:18,4,,
eqnet,8,04/11/2023,11:15:18,5,12.2,13.81
eqnet,8,04/11/2023,11:15:18,6,12.09,13.6
eqnet,8,04/11/2023,11:15:18,7,13.35,15.84
eqnet,8,04/11/2023,11:15:18,8,13.33,15.71
eqnet,8,04/11/2023,11:15:18,9,,16.84
eqnet,8,04/11/2023,11:15:18,10,,16.74
eqnet,217,07/11/2023,03:02:05,1,12.81,15.0
eqnet,217,07/11/2023,03:02:05,2,12.81,14.87
eqnet,217,07/11/2023,03:02:05,3,,
eqnet,217,07/11/2023,03:02:05,4,,
eqnet,217,07/11/2023,03:02:05,5,,
eqnet,217,07/11/2023,03:02:05,6,14.31,
eqnet,217,07/11/2023,03:02:05,7,12.29,14.19
eqnet,217,07/11/2023,03:02:05,8,12.29,14.01
eqnet,217,07/11/2023,03:02:05,9,,
eqnet,217,07/11/2023,03:02:05,10,,14.27
eqnet,102,08/11/2023,02:59:38,1,13.09,15.26
eqnet,102,08/11/2023,02:59:38,2,13.03,15.17
eqnet,102,08/11/2023,02:59:38,3,,
eqnet,102,08/11/2023,02:59:38,4,,
eqnet,102,08/11/2023,02:59:38,5,,
eqnet,102,08/11/2023,02:59:38,6,,
eqnet,102,08/11/2023,02:59:38,7,12.55,14.41
eqnet,102,08/11/2023,02:59:38,8,12.48,14.25
eqnet,102,08/11/2023,02:59:38,9,,
eqnet,102,08/11/2023,02:59:38,10,,14.62
eqnet,107,08/11/2023,10:09:47,1,14.77,18.23
eqnet,107,08/11/2023,10:09:47,2,14.72,18.11
eqnet,107,08/11/2023,10:09:47,3,,
eqnet,107,08/11/2023,10:09:47,4,,
eqnet,107,08/11/2023,10:09:47,5,11.76,13.09
eqnet,107,08/11/2023,10:09:47,6,11.67,12.89
eqnet,107,08/11/2023,10:09:47,7,13.03,15.27
eqnet,107,08/11/2023,10:09:47,8,12.95,15.15
eqnet,107,08/11/2023,10:09:47,9,,
eqnet,107,08/11/2023,10:09:47,10,,
eqnet,22,09/11/2023,01:30:03,1,13.2,15.39
eqnet,22,09/11/2023,01:30:03,2,13.19,15.33
eqnet,22,09/11/2023,01:30:03,3,,
eqnet,22,09/11/2023,01:30:03,4,,
eqnet,22,09/11/2023,01:30:03,5,,
eqnet,22,09/11/2023,01:30:03,6,14.51,
eqnet,22,09/11/2023,01:30:03,7,12.62,14.31
eqnet,22,09/11/2023,01:30:03,8,12.41,14.11
eqnet,22,09/11/2023,01:30:03,9,,
eqnet,22,09/11/2023,01:30:03,10,,
eqnet,135,09/11/2023,07:37:18,1,12.65,14.7
eqnet,135,09/11/2023,07:37:18,2,12.6,14.68
eqnet,135,09/11/2023,07:37:18,3,,
eqnet,135,09/11/2023,07:37:18,4,,
eqnet,135,09/11/2023,07:37:18,5,,
eqnet,135,09/11/2023,07:37:18,6,,
eqnet,135,09/11/2023,07:37:18,7,12.14,13.93
eqnet,135,09/11/2023,07:37:18,8,12.02,13.76
eqnet,135,09/11/2023,07:37:18,9,,
eqnet,135,09/11/2023,07:37:18,10,12.24,14.01
eqnet,156,10/11/2023,03:02:54,1,12.74,14.93
eqnet,156,10/11/2023,03:02:54,2,12.75,14.85
eqnet,156,10/11/2023,03:02:54,3,,
eqnet,156,10/11/2023,03:02:54,4,,
eqnet,156,10/11/2023,03:02:54,5,,
eqnet,156,10/11/2023,03:02:54,6,,
eqnet,156,10/11/2023,03:02:54,7,12.3,14.09
eqnet,156,10/11/2023,03:02:54,8,12.32,14.01
eqnet,156,10/11/2023,03:02:54,9,,
eqnet,156,10/11/2023,03:02:54,10,,14.28
eqnet,50,10/11/2023,14:40:07,1,12.25,13.85
eqnet,50,10/11/2023,14:40:07,2,12.18,13.73
eqnet,50,10/11/2023,14:40:07,3,,
eqnet,50,10/11/2023,14:40:07,4,,
eqnet,50,10/11/2023,14:40:07,5,13.77,16.55
eqnet,50,10/11/2023,14:40:07,6,13.69,16.43
eqnet,50,10/11/2023,14:40:07,7,,14.08
eqnet,50,10/11/2023,14:40:07,8,10.93,13.97
eqnet,50,10/11/2023,14:40:07,9,11.99,13.35
eqnet,50,10/11/2023,14:40:07,10,11.91,13.24
eqnet,142,13/11/2023,00:16:15,1,15.24,18.97
eqnet,142,13/11/2023,00:16:15,2,15.19,18.94
eqnet,142,13/11/2023,00:16:15,3,,
eqnet,142,13/11/2023,00:16:15,4,,
eqnet,142,13/11/2023,00:16:15,5,12.18,13.77
eqnet,142,13/11/2023,00:16:15,6,12.07,13.54
eqnet,142,13/11/2023,00:16:15,7,13.47,16.1
eqnet,142,13/11/2023,00:16:15,8,13.44,15.93
eqnet,142,13/11/2023,00:16:15,9,,17.13
eqnet,142,13/11/2023,00:16:15,10,,17.0
eqnet,144,13/11/2023,02:58:47,1,12.75,14.87
eqnet,144,13/11/2023,02:58:47,2,12.76,14.84
eqnet,144,13/11/2023,02:58:47,3,,
eqnet,144,13/11/2023,02:58:47,4,,
eqnet,144,13/11/2023,02:58:47,5,,
eqnet,144,13/11/2023,02:58:47,6,,
eqnet,144,13/11/2023,02:58:47,7,12.26,14.02
eqnet,144,13/11/2023,02:58:47,8,12.19,13.95
eqnet,144,13/11/2023,02:58:47,9,,
eqnet,144,13/11/2023,02:58:47,10,,14.23
eqnet,71,14/11/2023,02:59:06,1,12.69,14.86
eqnet,71,14/11/2023,02:59:06,2,12.68,14.88
eqnet,71,14/11/2023,02:59:06,3,,
eqnet,71,14/11/2023,02:59:06,4,,
eqnet,71,14/11/2023,02:59:06,5,,
eqnet,71,14/11/2023,02:59:06,6,14.23,
eqnet,71,14/11/2023,02:59:06,7,12.21,14.07
eqnet,71,14/11/2023,02:59:06,8,12.16,13.94
eqnet,71,14/11/2023,02:59:06,9,,
eqnet,71,14/11/2023,02:59:06,10,12.31,14.22
eqnet,127,15/11/2023,10:55:06,1,12.85,14.76
eqnet,127,15/11/2023,10:55:06,2,12.77,14.63
eqnet,127,15/11/2023,10:55:06,3,,
eqnet,127,15/11/2023,10:55:06,4,,
eqnet,127,15/11/2023,10:55:06,5,13.98,16.9
eqnet,127,15/11/2023,10:55:06,6,13.94,16.61
eqnet,127,15/11/2023,10:55:06,7,,14.81
eqnet,127,15/11/2023,10:55:06,8,,14.65
eqnet,127,15/11/2023,10:55:06,9,,
eqnet,127,15/11/2023,10:55:06,10,,
eqnet,18,16/11/2023,09:24:14,1,,15.94
eqnet,18,16/11/2023,09:24:14,2,12.65,15.86
eqnet,18,16/11/2023,09:24:14,3,,
eqnet,18,16/11/2023,09:24:14,4,,
eqnet,18,16/11/2023,09:24:14,5,11.68,12.92
eqnet,18,16/11/2023,09:24:14,6,11.6,12.73
eqnet,18,16/11/2023,09:24:14,7,12.04,13.58
eqnet,18,16/11/2023,09:24:14,8,11.97,13.42
eqnet,18,16/11/2023,09:24:14,9,,
eqnet,18,16/11/2023,09:24:14,10,,
eqnet,180,16/11/2023,19:55:55,1,13.71,16.37
eqnet,180,16/11/2023,19:55:55,2,13.68,16.32
eqnet,180,16/11/2023,19:55:55,3,,
eqnet,180,16/11/2023,19:55:55,4,,
eqnet,180,16/11/2023,19:55:55,5,12.07,13.61
eqnet,180,16/11/2023,19:55:55,6,12.01,13.46
eqnet,180,16/11/2023,19:55:55,7,11.64,13.06
eqnet,180,16/11/2023,19:55:55,8,11.58,12.93
eqnet,180,16/11/2023,19:55:55,9,,
eqnet,180,16/11/2023,19:55:55,10,,
eqnet,4,17/11/2023,02:59:18,1,12.75,15.02
eqnet,4,17/11/2023,02:59:18,2,12.77,14.98
eqnet,4,17/11/2023,02:59:18,3,,
eqnet,4,17/11/2023,02:59:18,4,,
eqnet,4,17/11/2023,02:59:18,5,,
eqnet,4,17/11/2023,02:59:18,6,,
eqnet,4,17/11/2023,02:59:18,7,12.22,14.25
eqnet,4,17/11/2023,02:59:18,8,12.22,14.01
eqnet,4,17/11/2023,02:59:18,9,,
eqnet,4,17/11/2023,02:59:18,10,12.34,14.34
eqnet,63,17/11/2023,03:08:55,1,14.7,18.14
eqnet,63,17/11/2023,03:08:55,2,14.69,18.02
eqnet,63,17/11/2023,03:08:55,3,,
eqnet,63,17/11/2023,03:08:55,4,,
eqnet,63,17/11/2023,03:08:55,5,12.12,13.71
eqnet,63,17/11/2023,03:08:55,6,12.02,13.5
eqnet,63,17/11/2023,03:08:55,7,13.01,15.04
eqnet,63,17/11/2023,03:08:55,8,12.97,14.88
eqnet,63,17/11/2023,03:08:55,9,,
eqnet,63,17/11/2023,03:08:55,10,,
eqnet,129,18/11/2023,19:58:41,1,17.0,22.09
eqnet,129,18/11/2023,19:58:41,2,16.97,21.97
eqnet,129,18/11/2023,19:58:41,3,,
eqnet,129,18/11/2023,19:58:41,4,,
eqnet,129,18/11/2023,19:58:41,5,14.36,17.69
eqnet,129,18/11/2023,19:58:41,6,14.27,17.46
eqnet,129,18/11/2023,19:58:41,7,15.05,18.77
eqnet,129,18/11/2023,19:58:41,8,14.98,18.61
eqnet,129,18/11/2023,19:58:41,9,,20.27
eqnet,129,18/11/2023,19:58:41,10,,20.18
eqnet,187,20/11/2023,03:18:32,1,12.7,14.88
eqnet,187,20/11/2023,03:18:32,2,12.6,14.71
eqnet,187,20/11/2023,03:18:32,3,,
eqnet,187,20/11/2023,03:18:32,4,,
eqnet,187,20/11/2023,03:18:32,5,,
eqnet,187,20/11/2023,03:18:32,6,14.17,17.43
eqnet,187,20/11/2023,03:18:32,7,12.16,13.92
eqnet,187,20/11/2023,03:18:32,8,12.15,13.87
eqnet,187,20/11/2023,03:18:32,9,12.43,
eqnet,187,20/11/2023,03:18:32,10,12.43,14.1
eqnet,155,21/11/2023,02:59:53,1,12.82,15.17
eqnet,155,21/11/2023,02:59:53,2,12.86,15.02
eqnet,155,21/11/2023,02:59:53,3,,
eqnet,155,21/11/2023,02:59:53,4,,
eqnet,155,21/11/2023,02:59:53,5,,
eqnet,155,21/11/2023,02:59:53,6,14.38,
eqnet,155,21/11/2023,02:59:53,7,12.3,14.23
eqnet,155,21/11/2023,02:59:53,8,12.27,14.04
eqnet,155,21/11/2023,02:59:53,9,,
eqnet,155,21/11/2023,02:59:53,10,12.4,14.38
eqnet,77,22/11/2023,03:00:10,1,13.36,15.39
eqnet,77,22/11/2023,03:00:10,2,13.16,15.23
eqnet,77,22/11/2023,03:00:10,3,,
eqnet,77,22/11/2023,03:00:10,4,,
eqnet,77,22/11/2023,03:00:10,5,,
eqnet,77,22/11/2023,03:00:10,6,14.78,
eqnet,77,22/11/2023,03:00:10,7,12.57,14.34
eqnet,77,22/11/2023,03:00:10,8,12.54,14.31
eqnet,77,22/11/2023,03:00:10,9,,
eqnet,77,22/11/2023,03:00:10,10,12.85,14.67
eqnet,157,23/11/2023,03:29:09,1,12.9,15.25
eqnet,157,23/11/2023,03:29:09,2,12.84,15.01
eqnet,157,23/11/2023,03:29:09,3,,
eqnet,157,23/11/2023,03:29:09,4,,
eqnet,157,23/11/2023,03:29:09,5,,
eqnet,157,23/11/2023,03:29:09,6,14.35,
eqnet,157,23/11/2023,03:29:09,7,12.31,14.17
eqnet,157,23/11/2023,03:29:09,8,12.32,14.13
eqnet,157,23/11/2023,03:29:09,9,12.48,14.7
eqnet,157,23/11/2023,03:29:09,10,12.34,14.4
eqnet,12,23/11/2023,03:55:25,1,14.71,18.36
eqnet,12,23/11/2023,03:55:25,2,14.67,18.38
eqnet,12,23/11/2023,03:55:25,3,,
eqnet,12,23/11/2023,03:55:25,4,,
eqnet,12,23/11/2023,03:55:25,5,16.53,
eqnet,12,23/11/2023,03:55:25,6,16.48,
eqnet,12,23/11/2023,03:55:25,7,14.49,18.32
eqnet,12,23/11/2023,03:55:25,8,14.44,17.95
eqnet,12,23/11/2023,03:55:25,9,,
eqnet,12,23/11/2023,03:55:25,10,,
eqnet,114,24/11/2023,04:03:02,1,12.88,15.02
eqnet,114,24/11/2023,04:03:02,2,12.82,14.9
eqnet,114,24/11/2023,04:03:02,3,,
eqnet,114,24/11/2023,04:03:02,4,,
eqnet,114,24/11/2023,04:03:02,5,,
eqnet,114,24/11/2023,04:03:02,6,,
eqnet,114,24/11/2023,04:03:02,7,12.39,14.11
eqnet,114,24/11/2023,04:03:02,8,12.32,14.05
eqnet,114,24/11/2023,04:03:02,9,,
eqnet,114,24/11/2023,04:03:02,10,,
eqnet,24,24/11/2023,06:45:39,1,12.8,15.46
eqnet,24,24/11/2023,06:45:39,2,12.77,15.41
eqnet,24,24/11/2023,06:45:39,3,,
eqnet,24,24/11/2023,06:45:39,4,,
eqnet,24,24/11/2023,06:45:39,5,17.13,
eqnet,24,24/11/2023,06:45:39,6,17.01,
eqnet,24,24/11/2023,06:45:39,7,15.09,
eqnet,24,24/11/2023,06:45:39,8,15.07,
eqnet,24,24/11/2023,06:45:39,9,,
eqnet,24,24/11/2023,06:45:39,10,14.06,17.49
eqnet,222,25/11/2023,07:14:16,1,14.17,17.67
eqnet,222,25/11/2023,07:14:16,2,14.13,17.7
eqnet,222,25/11/2023,07:14:16,3,14.87,18.84
eqnet,222,25/11/2023,07:14:16,4,14.85,18.83
eqnet,222,25/11/2023,07:14:16,5,17.44,23.15
eqnet,222,25/11/2023,07:14:16,6,17.39,22.99
eqnet,222,25/11/2023,07:14:16,7,16.1,20.94
eqnet,222,25/11/2023,07:14:16,8,16.05,20.86
eqnet,222,25/11/2023,07:14:16,9,,
eqnet,222,25/11/2023,07:14:16,10,15.18,19.11
eqnet,238,26/11/2023,03:45:24,1,14.45,17.77
eqnet,238,26/11/2023,03:45:24,2,,17.66
eqnet,238,26/11/2023,03:45:24,3,,
eqnet,238,26/11/2023,03:45:24,4,,
eqnet,238,26/11/2023,03:45:24,5,11.85,13.42
eqnet,238,26/11/2023,03:45:24,6,11.75,13.21
eqnet,238,26/11/2023,03:45:24,7,11.75,14.49
eqnet,238,26/11/2023,03:45:24,8,11.69,14.37
eqnet,238,26/11/2023,03:45:24,9,,15.82
eqnet,238,26/11/2023,03:45:24,10,,15.72
eqnet,178,27/11/2023,02:55:13,1,14.55,18.19
eqnet,178,27/11/2023,02:55:13,2,14.51,18.16
eqnet,178,27/11/2023,02:55:13,3,,
eqnet,178,27/11/2023,02:55:13,4,,
eqnet,178,27/11/2023,02:55:13,5,16.29,
eqnet,178,27/11/2023,02:55:13,6,16.21,
eqnet,178,27/11/2023,02:55:13,7,14.29,17.79
eqnet,178,27/11/2023,02:55:13,8,14.31,17.71
eqnet,178,27/11/2023,02:55:13,9,,
eqnet,178,27/11/2023,02:55:13,10,,
eqnet,61,27/11/2023,02:58:16,1,12.84,15.0
eqnet,61,27/11/2023,02:58:16,2,12.77,14.92
eqnet,61,27/11/2023,02:58:16,3,,
eqnet,61,27/11/2023,02:58:16,4,,
eqnet,61,27/11/2023,02:58:16,5,,
eqnet,61,27/11/2023,02:58:16,6,,
eqnet,61,27/11/2023,02:58:16,7,12.31,14.11
eqnet,61,27/11/2023,02:58:16,8,12.29,14.04
eqnet,61,27/11/2023,02:58:16,9,,
eqnet,61,27/11/2023,02:58:16,10,12.35,14.28
eqnet,113,27/11/2023,15:19:03,1,14.52,17.81
eqnet,113,27/11/2023,15:19:03,2,14.49,17.63
eqnet,113,27/11/2023,15:19:03,3,,
eqnet,113,27/11/2023,15:19:03,4,,
eqnet,113,27/11/2023,15:19:03,5,11.77,13.05
eqnet,113,27/11/2023,15:19:03,6,11.69,12.84
eqnet,113,27/11/2023,15:19:03,7,12.4,14.12
eqnet,113,27/11/2023,15:19:03,8,12.35,14.0
eqnet,113,27/11/2023,15:19:03,9,,
eqnet,113,27/11/2023,15:19:03,10,,
eqnet,17,28/11/2023,01:32:51,1,12.79,15.46
eqnet,17,28/11/2023,01:32:51,2,12.76,15.0
eqnet,17,28/11/2023,01:32:51,3,,
eqnet,17,28/11/2023,01:32:51,4,,
eqnet,17,28/11/2023,01:32:51,5,14.21,
eqnet,17,28/11/2023,01:32:51,6,14.02,
eqnet,17,28/11/2023,01:32:51,7,12.13,14.13
eqnet,17,28/11/2023,01:32:51,8,12.03,13.65
eqnet,17,28/11/2023,01:32:51,9,,
eqnet,17,28/11/2023,01:32:51,10,12.29,14.59
eqnet,172,28/11/2023,02:58:51,1,12.72,14.97
eqnet,172,28/11/2023,02:58:51,2,12.77,14.91
eqnet,172,28/11/2023,02:58:51,3,,
eqnet,172,28/11/2023,02:58:51,4,,
eqnet,172,28/11/2023,02:58:51,5,,
eqnet,172,28/11/2023,02:58:51,6,14.33,
eqnet,172,28/11/2023,02:58:51,7,12.24,13.99
eqnet,172,28/11/2023,02:58:51,8,12.22,13.98
eqnet,172,28/11/2023,02:58:51,9,,
eqnet,172,28/11/2023,02:58:51,10,12.74,14.24
eqnet,193,29/11/2023,19:58:56,1,14.83,18.34
eqnet,193,29/11/2023,19:58:56,2,14.79,18.23
eqnet,193,29/11/2023,19:58:56,3,,
eqnet,193,29/11/2023,19:58:56,4,,
eqnet,193,29/11/2023,19:58:56,5,12.15,13.17
eqnet,193,29/11/2023,19:58:56,6,11.96,12.93
eqnet,193,29/11/2023,19:58:56,7,13.06,15.3
eqnet,193,29/11/2023,19:58:56,8,13.01,15.16
eqnet,193,29/11/2023,19:58:56,9,13.71,16.33
eqnet,193,29/11/2023,19:58:56,10,13.66,16.3
eqnet,55,29/11/2023,20:05:13,1,14.72,18.22
eqnet,55,29/11/2023,20:05:13,2,14.69,18.15
eqnet,55,29/11/2023,20:05:13,3,,
eqnet,55,29/11/2023,20:05:13,4,,
eqnet,55,29/11/2023,20:05:13,5,11.72,13.03
eqnet,55,29/11/2023,20:05:13,6,11.58,12.83
eqnet,55,29/11/2023,20:05:13,7,12.95,15.18
eqnet,55,29/11/2023,20:05:13,8,12.9,15.04
eqnet,55,29/11/2023,20:05:13,9,13.62,15.91
eqnet,55,29/11/2023,20:05:13,10,,
eqnet,5,29/11/2023,20:15:08,1,14.85,18.36
eqnet,5,29/11/2023,20:15:08,2,14.7,18.23
eqnet,5,29/11/2023,20:15:08,3,,
eqnet,5,29/11/2023,20:15:08,4,,
eqnet,5,29/11/2023,20:15:08,5,11.83,13.21
eqnet,5,29/11/2023,20:15:08,6,11.72,12.99
eqnet,5,29/11/2023,20:15:08,7,,15.29
eqnet,5,29/11/2023,20:15:08,8,,15.16
eqnet,5,29/11/2023,20:15:08,9,13.36,16.4
eqnet,5,29/11/2023,20:15:08,10,,16.29
eqnet,225,29/11/2023,20:19:35,1,14.82,18.32
eqnet,225,29/11/2023,20:19:35,2,14.75,18.17
eqnet,225,29/11/2023,20:19:35,3,,
eqnet,225,29/11/2023,20:19:35,4,,
eqnet,225,29/11/2023,20:19:35,5,11.79,13.11
eqnet,225,29/11/2023,20:19:35,6,11.71,12.97
eqnet,225,29/11/2023,20:19:35,7,13.05,15.23
eqnet,225,29/11/2023,20:19:35,8,12.97,
eqnet,225,29/11/2023,20:19:35,9,,16.36
eqnet,225,29/11/2023,20:19:35,10,,16.27
eqnet,59,29/11/2023,20:42:56,1,13.63,16.0
eqnet,59,29/11/2023,20:42:56,2,13.79,15.89
eqnet,59,29/11/2023,20:42:56,3,,
eqnet,59,29/11/2023,20:42:56,4,,
eqnet,59,29/11/2023,20:42:56,5,13.38,15.18
eqnet,59,29/11/2023,20:42:56,6,13.11,
eqnet,59,29/11/2023,20:42:56,7,12.64,14.24
eqnet,59,29/11/2023,20:42:56,8,12.63,14.19
eqnet,59,29/11/2023,20:42:56,9,,
eqnet,59,29/11/2023,20:42:56,10,13.1,15.14
eqnet,211,29/11/2023,21:08:15,1,14.76,18.14
eqnet,211,29/11/2023,21:08:15,2,14.72,18.12
eqnet,211,29/11/2023,21:08:15,3,,
eqnet,211,29/11/2023,21:08:15,4,,
eqnet,211,29/11/2023,21:08:15,5,11.75,13.03
eqnet,211,29/11/2023,21:08:15,6,11.62,12.87
eqnet,211,29/11/2023,21:08:15,7,12.99,15.22
eqnet,211,29/11/2023,21:08:15,8,12.94,15.1
eqnet,211,29/11/2023,21:08:15,9,,
eqnet,211,29/11/2023,21:08:15,10,,
eqnet,214,29/11/2023,22:27:16,1,14.8,18.31
eqnet,214,29/11/2023,22:27:16,2,14.75,18.22
eqnet,214,29/11/2023,22:27:16,3,,
eqnet,214,29/11/2023,22:27:16,4,,
eqnet,214,29/11/2023,22:27:16,5,11.8,13.11
eqnet,214,29/11/2023,22:27:16,6,11.68,12.92
eqnet,214,29/11/2023,22:27:16,7,13.05,15.28
eqnet,214,29/11/2023,22:27:16,8,12.97,15.12
eqnet,214,29/11/2023,22:27:16,9,,16.36
eqnet,214,29/11/2023,22:27:16,10,13.64,16.27
eqnet,237,30/11/2023,03:52:35,1,12.64,14.81
eqnet,237,30/11/2023,03:52:35,2,12.55,14.77
eqnet,237,30/11/2023,03:52:35,3,,
eqnet,237,30/11/2023,03:52:35,4,,
eqnet,237,30/11/2023,03:52:35,5,14.27,
eqnet,237,30/11/2023,03:52:35,6,14.17,
eqnet,237,30/11/2023,03:52:35,7,12.18,14.05
eqnet,237,30/11/2023,03:52:35,8,12.05,13.87
eqnet,237,30/11/2023,03:52:35,9,12.49,14.26
eqnet,237,30/11/2023,03:52:35,10,12.33,14.15
eqnet,3,30/11/2023,17:23:23,1,14.13,17.68
eqnet,3,30/11/2023,17:23:23,2,14.08,17.56
eqnet,3,30/11/2023,17:23:23,3,,
eqnet,3,30/11/2023,17:23:23,4,,
eqnet,3,30/11/2023,17:23:23,5,17.42,23.16
eqnet,3,30/11/2023,17:23:23,6,17.32,22.96
eqnet,3,30/11/2023,17:23:23,7,16.04,20.93
eqnet,3,30/11/2023,17:23:23,8,16.05,20.87
eqnet,3,30/11/2023,17:23:23,9,,
eqnet,3,30/11/2023,17:23:23,10,,
eqnet,213,01/12/2023,02:59:09,1,12.6,14.8
eqnet,213,01/12/2023,02:59:09,2,12.58,14.83
eqnet,213,01/12/2023,02:59:09,3,,
eqnet,213,01/12/2023,02:59:09,4,,
eqnet,213,01/12/2023,02:59:09,5,14.23,
eqnet,213,01/12/2023,02:59:09,6,14.12,
eqnet,213,01/12/2023,02:59:09,7,12.09,13.89
eqnet,213,01/12/2023,02:59:09,8,12.07,13.84
eqnet,213,01/12/2023,02:59:09,9,,14.25
eqnet,213,01/12/2023,02:59:09,10,12.2,14.06
eqnet,51,01/12/2023,13:02:18,1,12.52,14.29
eqnet,51,01/12/2023,13:02:18,2,12.45,14.15
eqnet,51,01/12/2023,13:02:18,3,,
eqnet,51,01/12/2023,13:02:18,4,,
eqnet,51,01/12/2023,13:02:18,5,,16.85
eqnet,51,01/12/2023,13:02:18,6,,16.64
eqnet,51,01/12/2023,13:02:18,7,12.64,14.43
eqnet,51,01/12/2023,13:02:18,8,,14.31
eqnet,51,01/12/2023,13:02:18,9,11.05,13.88
eqnet,51,01/12/2023,13:02:18,10,,13.72
eqnet,128,02/12/2023,22:14:26,1,14.83,18.32
eqnet,128,02/12/2023,22:14:26,2,14.75,18.16
eqnet,128,02/12/2023,22:14:26,3,,
eqnet,128,02/12/2023,22:14:26,4,,
eqnet,128,02/12/2023,22:14:26,5,11.85,13.18
eqnet,128,02/12/2023,22:14:26,6,11.73,12.97
eqnet,128,02/12/2023,22:14:26,7,13.04,15.36
eqnet,128,02/12/2023,22:14:26,8,13.0,15.15
eqnet,128,02/12/2023,22:14:26,9,13.7,16.41
eqnet,128,02/12/2023,22:14:26,10,13.64,16.32
eqnet,53,03/12/2023,18:20:02,1,14.84,18.32
eqnet,53,03/12/2023,18:20:02,2,14.76,18.23
eqnet,53,03/12/2023,18:20:02,3,,
eqnet,53,03/12/2023,18:20:02,4,,
eqnet,53,03/12/2023,18:20:02,5,11.81,13.12
eqnet,53,03/12/2023,18:20:02,6,11.7,12.92
eqnet,53,03/12/2023,18:20:02,7,13.05,15.31
eqnet,53,03/12/2023,18:20:02,8,12.99,15.15
eqnet,53,03/12/2023,18:20:02,9,13.76,16.35
eqnet,53,03/12/2023,18:20:02,10,13.67,16.29
eqnet,204,04/12/2023,02:54:50,1,14.6,18.25
eqnet,204,04/12/2023,02:54:50,2,14.56,18.22
eqnet,204,04/12/2023,02:54:50,3,,
eqnet,204,04/12/2023,02:54:50,4,,
eqnet,204,04/12/2023,02:54:50,5,16.3,
eqnet,204,04/12/2023,02:54:50,6,16.22,
eqnet,204,04/12/2023,02:54:50,7,14.38,17.88
eqnet,204,04/12/2023,02:54:50,8,14.31,17.73
eqnet,204,04/12/2023,02:54:50,9,,
eqnet,204,04/12/2023,02:54:50,10,,
eqnet,108,04/12/2023,02:58:04,1,12.74,14.93
eqnet,108,04/12/2023,02:58:04,2,12.67,14.83
eqnet,108,04/12/2023,02:58:04,3,,
eqnet,108,04/12/2023,02:58:04,4,,
eqnet,108,04/12/2023,02:58:04,5,,
eqnet,108,04/12/2023,02:58:04,6,14.26,
eqnet,108,04/12/2023,02:58:04,7,12.19,14.1
eqnet,108,04/12/2023,02:58:04,8,12.17,13.91
eqnet,108,04/12/2023,02:58:04,9,,
eqnet,108,04/12/2023,02:58:04,10,,
eqnet,58,05/12/2023,02:58:36,1,12.63,14.82
eqnet,58,05/12/2023,02:58:36,2,12.66,14.75
eqnet,58,05/12/2023,02:58:36,3,,
eqnet,58,05/12/2023,02:58:36,4,,
eqnet,58,05/12/2023,02:58:36,5,,
eqnet,58,05/12/2023,02:58:36,6,14.18,17.47
eqnet,58,05/12/2023,02:58:36,7,12.15,13.89
eqnet,58,05/12/2023,02:58:36,8,12.12,13.87
eqnet,58,05/12/2023,02:58:36,9,,
eqnet,58,05/12/2023,02:58:36,10,12.29,14.14
eqnet,73,06/12/2023,02:59:15,1,13.03,15.1
eqnet,73,06/12/2023,02:59:15,2,12.82,14.93
eqnet,73,06/12/2023,02:59:15,3,,
eqnet,73,06/12/2023,02:59:15,4,,
eqnet,73,06/12/2023,02:59:15,5,,
eqnet,73,06/12/2023,02:59:15,6,14.3,
eqnet,73,06/12/2023,02:59:15,7,12.27,14.17
eqnet,73,06/12/2023,02:59:15,8,12.23,14.05
eqnet,73,06/12/2023,02:59:15,9,,
eqnet,73,06/12/2023,02:59:15,10,,
eqnet,122,07/12/2023,19:11:06,1,,17.44
eqnet,122,07/12/2023,19:11:06,2,,17.34
eqnet,122,07/12/2023,19:11:06,3,,
eqnet,122,07/12/2023,19:11:06,4,,
eqnet,122,07/12/2023,19:11:06,5,12.19,13.92
eqnet,122,07/12/2023,19:11:06,6,12.1,13.76
eqnet,122,07/12/2023,19:11:06,7,12.35,14.23
eqnet,122,07/12/2023,19:11:06,8,12.32,14.11
eqnet,122,07/12/2023,19:11:06,9,,
eqnet,122,07/12/2023,19:11:06,10,,
eqnet,130,09/12/2023,20:15:41,1,18.33,24.56
eqnet,130,09/12/2023,20:15:41,2,18.32,24.49
eqnet,130,09/12/2023,20:15:41,3,,20.46
eqnet,130,09/12/2023,20:15:41,4,,20.29
eqnet,130,09/12/2023,20:15:41,5,15.01,18.79
eqnet,130,09/12/2023,20:15:41,6,14.94,18.57
eqnet,130,09/12/2023,20:15:41,7,16.82,22.01
eqnet,130,09/12/2023,20:15:41,8,16.78,21.84
eqnet,130,09/12/2023,20:15:41,9,,
eqnet,130,09/12/2023,20:15:41,10,,
eqnet,72,10/12/2023,00:08:04,1,14.13,17.04
eqnet,72,10/12/2023,00:08:04,2,14.09,17.04
eqnet,72,10/12/2023,00:08:04,3,12.05,13.57
eqnet,72,10/12/2023,00:08:04,4,12.0,13.49
eqnet,72,10/12/2023,00:08:04,5,14.18,17.24
eqnet,72,10/12/2023,00:08:04,6,14.12,17.14
eqnet,72,10/12/2023,00:08:04,7,14.28,17.41
eqnet,72,10/12/2023,00:08:04,8,14.21,
eqnet,72,10/12/2023,00:08:04,9,,
eqnet,72,10/12/2023,00:08:04,10,13.79,16.53
eqnet,169,10/12/2023,10:31:39,1,14.43,17.68
eqnet,169,10/12/2023,10:31:39,2,14.41,17.61
eqnet,169,10/12/2023,10:31:39,3,,
eqnet,169,10/12/2023,10:31:39,4,,
eqnet,169,10/12/2023,10:31:39,5,11.6,12.78
eqnet,169,10/12/2023,10:31:39,6,11.54,12.64
eqnet,169,10/12/2023,10:31:39,7,12.3,14.0
eqnet,169,10/12/2023,10:31:39,8,12.25,13.9
eqnet,169,10/12/2023,10:31:39,9,,
eqnet,169,10/12/2023,10:31:39,10,,
eqnet,101,11/12/2023,03:54:59,1,19.02,25.54
eqnet,101,11/12/2023,03:54:59,2,18.78,25.48
eqnet,101,11/12/2023,03:54:59,3,,
eqnet,101,11/12/2023,03:54:59,4,,
eqnet,101,11/12/2023,03:54:59,5,15.11,19.22
eqnet,101,11/12/2023,03:54:59,6,15.04,19.02
eqnet,101,11/12/2023,03:54:59,7,17.08,22.6
eqnet,101,11/12/2023,03:54:59,8,17.05,22.47
eqnet,101,11/12/2023,03:54:59,9,18.02,23.69
eqnet,101,11/12/2023,03:54:59,10,17.8,23.56
eqnet,105,11/12/2023,16:39:24,1,19.0,25.7
eqnet,105,11/12/2023,16:39:24,2,18.84,25.54
eqnet,105,11/12/2023,16:39:24,3,17.04,22.26
eqnet,105,11/12/2023,16:39:24,4,16.98,22.18
eqnet,105,11/12/2023,16:39:24,5,15.16,19.28
eqnet,105,11/12/2023,16:39:24,6,15.06,19.08
eqnet,105,11/12/2023,16:39:24,7,17.14,22.61
eqnet,105,11/12/2023,16:39:24,8,17.1,22.55
eqnet,105,11/12/2023,16:39:24,9,17.21,23.73
eqnet,105,11/12/2023,16:39:24,10,17.24,23.62
eqnet,226,11/12/2023,20:18:59,1,14.91,18.39
eqnet,226,11/12/2023,20:18:59,2,14.87,18.27
eqnet,226,11/12/2023,20:18:59,3,,
eqnet,226,11/12/2023,20:18:59,4,,
eqnet,226,11/12/2023,20:18:59,5,11.87,13.22
eqnet,226,11/12/2023,20:18:59,6,11.76,13.01
eqnet,226,11/12/2023,20:18:59,7,12.96,15.33
eqnet,226,11/12/2023,20:18:59,8,13.05,15.17
eqnet,226,11/12/2023,20:18:59,9,,
eqnet,226,11/12/2023,20:18:59,10,,
eqnet,140,14/12/2023,02:59:19,1,12.7,14.95
eqnet,140,14/12/2023,02:59:19,2,12.7,14.82
eqnet,140,14/12/2023,02:59:19,3,,
eqnet,140,14/12/2023,02:59:19,4,,
eqnet,140,14/12/2023,02:59:19,5,,
eqnet,140,14/12/2023,02:59:19,6,,
eqnet,140,14/12/2023,02:59:19,7,12.23,14.05
eqnet,140,14/12/2023,02:59:19,8,12.16,13.99
eqnet,140,14/12/2023,02:59:19,9,,
eqnet,140,14/12/2023,02:59:19,10,12.4,14.21
eqnet,89,14/12/2023,13:22:54,1,15.19,18.24
eqnet,89,14/12/2023,13:22:54,2,15.04,18.21
eqnet,89,14/12/2023,13:22:54,3,,
eqnet,89,14/12/2023,13:22:54,4,,
eqnet,89,14/12/2023,13:22:54,5,11.8,13.11
eqnet,89,14/12/2023,13:22:54,6,11.69,12.93
eqnet,89,14/12/2023,13:22:54,7,13.04,15.23
eqnet,89,14/12/2023,13:22:54,8,12.95,15.13
eqnet,89,14/12/2023,13:22:54,9,,
eqnet,89,14/12/2023,13:22:54,10,,
eqnet,23,14/12/2023,17:51:30,1,14.74,18.27
eqnet,23,14/12/2023,17:51:30,2,14.72,18.18
eqnet,23,14/12/2023,17:51:30,3,,
eqnet,23,14/12/2023,17:51:30,4,,
eqnet,23,14/12/2023,17:51:30,5,11.81,13.05
eqnet,23,14/12/2023,17:51:30,6,11.68,12.87
eqnet,23,14/12/2023,17:51:30,7,12.99,15.21
eqnet,23,14/12/2023,17:51:30,8,12.91,15.06
eqnet,23,14/12/2023,17:51:30,9,13.73,16.3
eqnet,23,14/12/2023,17:51:30,10,13.61,16.24
eqnet,49,15/12/2023,03:00:05,1,13.33,15.66
eqnet,49,15/12/2023,03:00:05,2,13.34,15.55
eqnet,49,15/12/2023,03:00:05,3,,
eqnet,49,15/12/2023,03:00:05,4,,
eqnet,49,15/12/2023,03:00:05,5,,
eqnet,49,15/12/2023,03:00:05,6,,
eqnet,49,15/12/2023,03:00:05,7,12.95,14.64
eqnet,49,15/12/2023,03:00:05,8,12.78,14.54
eqnet,49,15/12/2023,03:00:05,9,,
eqnet,49,15/12/2023,03:00:05,10,,
eqnet,2,18/12/2023,02:55:40,1,12.67,14.83
eqnet,2,18/12/2023,02:55:40,2,12.61,14.71
eqnet,2,18/12/2023,02:55:40,3,,
eqnet,2,18/12/2023,02:55:40,4,,
eqnet,2,18/12/2023,02:55:40,5,,
eqnet,2,18/12/2023,02:55:40,6,14.25,17.41
eqnet,2,18/12/2023,02:55:40,7,12.23,13.89
eqnet,2,18/12/2023,02:55:40,8,12.09,13.82
eqnet,2,18/12/2023,02:55:40,9,,
eqnet,2,18/12/2023,02:55:40,10,12.33,14.08
eqnet,60,20/12/2023,02:59:16,1,12.69,14.91
eqnet,60,20/12/2023,02:59:16,2,12.68,14.8
eqnet,60,20/12/2023,02:59:16,3,,
eqnet,60,20/12/2023,02:59:16,4,,
eqnet,60,20/12/2023,02:59:16,5,14.31,17.65
eqnet,60,20/12/2023,02:59:16,6,14.26,17.54
eqnet,60,20/12/2023,02:59:16,7,12.26,13.98
eqnet,60,20/12/2023,02:59:16,8,12.21,13.93
eqnet,60,20/12/2023,02:59:16,9,11.39,
eqnet,60,20/12/2023,02:59:16,10,,14.2
eqnet,67,21/12/2023,02:59:09,1,12.8,14.75
eqnet,67,21/12/2023,02:59:09,2,12.58,14.65
eqnet,67,21/12/2023,02:59:09,3,,
eqnet,67,21/12/2023,02:59:09,4,,
eqnet,67,21/12/2023,02:59:09,5,14.25,16.65
eqnet,67,21/12/2023,02:59:09,6,14.08,16.53
eqnet,67,21/12/2023,02:59:09,7,12.07,13.77
eqnet,67,21/12/2023,02:59:09,8,12.02,13.77
eqnet,67,21/12/2023,02:59:09,9,,
eqnet,67,21/12/2023,02:59:09,10,12.37,14.1
eqnet,138,22/12/2023,12:57:42,1,15.4,19.33
eqnet,138,22/12/2023,12:57:42,2,15.3,19.22
eqnet,138,22/12/2023,12:57:42,3,,
eqnet,138,22/12/2023,12:57:42,4,,
eqnet,138,22/12/2023,12:57:42,5,11.69,12.95
eqnet,138,22/12/2023,12:57:42,6,11.6,12.77
eqnet,138,22/12/2023,12:57:42,7,13.56,16.06
eqnet,138,22/12/2023,12:57:42,8,13.47,15.98
eqnet,138,22/12/2023,12:57:42,9,,
eqnet,138,22/12/2023,12:57:42,10,,
eqnet,109,26/12/2023,01:48:56,1,12.76,15.21
eqnet,109,26/12/2023,01:48:56,2,12.72,15.06
eqnet,109,26/12/2023,01:48:56,3,,
eqnet,109,26/12/2023,01:48:56,4,,
eqnet,109,26/12/2023,01:48:56,5,14.12,
eqnet,109,26/12/2023,01:48:56,6,14.03,
eqnet,109,26/12/2023,01:48:56,7,12.48,13.8
eqnet,109,26/12/2023,01:48:56,8,12.32,13.72
eqnet,109,26/12/2023,01:48:56,9,,
eqnet,109,26/12/2023,01:48:56,10,12.2,14.32
eqnet,190,26/12/2023,04:55:07,1,12.79,15.07
eqnet,190,26/12/2023,04:55:07,2,12.77,15.08
eqnet,190,26/12/2023,04:55:07,3,,
eqnet,190,26/12/2023,04:55:07,4,,
eqnet,190,26/12/2023,04:55:07,5,,
eqnet,190,26/12/2023,04:55:07,6,14.28,
eqnet,190,26/12/2023,04:55:07,7,12.35,14.12
eqnet,190,26/12/2023,04:55:07,8,12.3,14.05
eqnet,190,26/12/2023,04:55:07,9,,
eqnet,190,26/12/2023,04:55:07,10,12.54,14.38
eqnet,66,27/12/2023,02:56:21,1,12.6,14.99
eqnet,66,27/12/2023,02:56:21,2,12.67,14.87
eqnet,66,27/12/2023,02:56:21,3,,
eqnet,66,27/12/2023,02:56:21,4,,
eqnet,66,27/12/2023,02:56:21,5,14.27,
eqnet,66,27/12/2023,02:56:21,6,14.23,
eqnet,66,27/12/2023,02:56:21,7,12.17,14.08
eqnet,66,27/12/2023,02:56:21,8,12.13,13.89
eqnet,66,27/12/2023,02:56:21,9,,
eqnet,66,27/12/2023,02:56:21,10,12.25,14.31
eqnet,165,28/12/2023,17:32:23,1,14.16,17.18
eqnet,165,28/12/2023,17:32:23,2,14.09,17.09
eqnet,165,28/12/2023,17:32:23,3,,
eqnet,165,28/12/2023,17:32:23,4,,
eqnet,165,28/12/2023,17:32:23,5,11.74,13.02
eqnet,165,28/12/2023,17:32:23,6,11.63,12.81
eqnet,165,28/12/2023,17:32:23,7,,
eqnet,165,28/12/2023,17:32:23,8,,
eqnet,165,28/12/2023,17:32:23,9,,
eqnet,165,28/12/2023,17:32:23,10,,
eqnet,236,29/12/2023,01:41:11,1,12.81,14.97
eqnet,236,29/12/2023,01:41:11,2,12.76,14.91
eqnet,236,29/12/2023,01:41:11,3,,
eqnet,236,29/12/2023,01:41:11,4,,
eqnet,236,29/12/2023,01:41:11,5,,
eqnet,236,29/12/2023,01:41:11,6,13.93,
eqnet,236,29/12/2023,01:41:11,7,12.03,13.79
eqnet,236,29/12/2023,01:41:11,8,12.04,13.67
eqnet,236,29/12/2023,01:41:11,9,,
eqnet,236,29/12/2023,01:41:11,10,12.31,14.12
eqnet,81,29/12/2023,03:47:20,1,13.12,15.35
eqnet,81,29/12/2023,03:47:20,2,13.06,15.32
eqnet,81,29/12/2023,03:47:20,3,,
eqnet,81,29/12/2023,03:47:20,4,,
eqnet,81,29/12/2023,03:47:20,5,,
eqnet,81,29/12/2023,03:47:20,6,14.67,
eqnet,81,29/12/2023,03:47:20,7,12.59,14.52
eqnet,81,29/12/2023,03:47:20,8,12.55,14.3
eqnet,81,29/12/2023,03:47:20,9,,
eqnet,81,29/12/2023,03:47:20,10,12.67,14.65
eqnet,230,29/12/2023,04:02:02,1,12.84,15.0
eqnet,230,29/12/2023,04:02:02,2,12.84,14.95
eqnet,230,29/12/2023,04:02:02,3,,
eqnet,230,29/12/2023,04:02:02,4,,
eqnet,230,29/12/2023,04:02:02,5,,
eqnet,230,29/12/2023,04:02:02,6,14.37,
eqnet,230,29/12/2023,04:02:02,7,12.35,14.15
eqnet,230,29/12/2023,04:02:02,8,12.3,14.04
eqnet,230,29/12/2023,04:02:02,9,,
eqnet,230,29/12/2023,04:02:02,10,12.48,14.39
eqnet,44,29/12/2023,18:55:39,1,13.77,15.57
eqnet,44,29/12/2023,18:55:39,2,13.46,15.45
eqnet,44,29/12/2023,18:55:39,3,,
eqnet,44,29/12/2023,18:55:39,4,,
eqnet,44,29/12/2023,18:55:39,5,12.54,14.3
eqnet,44,29/12/2023,18:55:39,6,12.44,14.0
eqnet,44,29/12/2023,18:55:39,7,12.19,13.49
eqnet,44,29/12/2023,18:55:39,8,12.07,13.46
eqnet,44,29/12/2023,18:55:39,9,12.77,14.46
eqnet,44,29/12/2023,18:55:39,10,,14.67
eqnet,29,30/12/2023,15:14:21,1,12.39,14.12
eqnet,29,30/12/2023,15:14:21,2,12.31,13.98
eqnet,29,30/12/2023,15:14:21,3,,
eqnet,29,30/12/2023,15:14:21,4,,
eqnet,29,30/12/2023,15:14:21,5,13.71,16.51
eqnet,29,30/12/2023,15:14:21,6,13.64,16.28
eqnet,29,30/12/2023,15:14:21,7,,
eqnet,29,30/12/2023,15:14:21,8,,
eqnet,29,30/12/2023,15:14:21,9,12.07,13.55
eqnet,29,30/12/2023,15:14:21,10,12.0,13.41
eqnet,234,31/12/2023,17:40:18,1,,
eqnet,234,31/12/2023,17:40:18,2,,
eqnet,234,31/12/2023,17:40:18,3,,
eqnet,234,31/12/2023,17:40:18,4,,
eqnet,234,31/12/2023,17:40:18,5,12.92,15.07
eqnet,234,31/12/2023,17:40:18,6,12.88,14.93
eqnet,234,31/12/2023,17:40:18,7,11.76,12.97
eqnet,234,31/12/2023,17:40:18,8,11.7,12.81
eqnet,234,31/12/2023,17:40:18,9,12.5,14.06
eqnet,234,31/12/2023,17:40:18,10,12.44,13.97
